AccountId,AccountNumber,CustomerId,AccountType,AccountStatus,CreatedDate,ClosedDate,Balance,Currency,Description,CreatedBy
2ec3d864-3934-4bab-8296-db7963574f74,ACC-Fabric-1000,CID-001,Receivable,Active,2025-01-01,,0.0,USD,Customer receivable account (Fabric),SampleGen
368c4d91-639e-4642-8b94-8393f5e907bb,ACC-Fabric-1001,CID-002,Receivable,Active,2025-01-01,,0.0,USD,Customer receivable account (Fabric),SampleGen
8f19f3aa-fa14-4f3d-8026-13736ca96a2e,ACC-Fabric-1002,CID-003,Receivable,Active,2025-01-01,,0.0,USD,Customer receivable account (Fabric),SampleGen
301d2c82-2c7f-404d-b061-5b00de3f00d6,ACC-Fabric-1003,CID-004,Receivable,Active,2025-01-01,,0.0,USD,Customer receivable account (Fabric),SampleGen
79a34603-f0c1-448c-853f-6093e8ae798e,ACC-Fabric-1004,CID-005,Receivable,Active,2025-01-01,,0.0,USD,Customer receivable account (Fabric),SampleGen
b6cbaea3-9a5e-4dac-984a-84b58d07242b,ACC-Fabric-1005,CID-006,Receivable,Active,2025-01-01,,0.0,USD,Customer receivable account (Fabric),SampleGen
83c3364a-a721-461d-8a46-dfbe60ebfdc5,ACC-Fabric-1006,CID-007,Receivable,Active,2025-01-01,,0.0,USD,Customer receivable account (Fabric),SampleGen
94daa4e0-88be-45d6-8b19-94437f09d110,ACC-Fabric-1007,CID-008,Receivable,Active,2025-01-01,,0.0,USD,Customer receivable account (Fabric),SampleGen
a891c237-78d5-4941-82cd-4f5071dbed50,ACC-Fabric-1008,CID-009,Receivable,Active,2025-01-01,,0.0,USD,Customer receivable account (Fabric),SampleGen
4bda1ca0-3d01-4a3e-8126-645720aadd40,ACC-Fabric-1009,CID-010,Receivable,Active,2025-01-01,,0.0,USD,Customer receivable account (Fabric),SampleGen
b8052ef6-adfa-40d5-a50c-0ac4a002c9df,ACC-Fabric-1010,CID-011,Receivable,Active,2025-01-01,,0.0,USD,Customer receivable account (Fabric),SampleGen
0d0d9c9c-f137-440f-9370-602e37e066a1,ACC-Fabric-1011,CID-012,Receivable,Active,2025-01-01,,0.0,USD,Customer receivable account (Fabric),SampleGen
cee78392-0704-4b87-83d8-3dcb68e9ac16,ACC-Fabric-1012,CID-013,Receivable,Active,2025-01-01,,0.0,USD,Customer receivable account (Fabric),SampleGen
b365a320-d512-4943-a663-f13c8d233b8d,ACC-Fabric-1013,CID-014,Receivable,Active,2025-01-01,,0.0,USD,Customer receivable account (Fabric),SampleGen
251681d2-e743-4aa0-9bde-3711e20f32f8,ACC-Fabric-1014,CID-015,Receivable,Active,2025-01-01,,0.0,USD,Customer receivable account (Fabric),SampleGen
e52da4b9-ed04-41b5-b898-5ab7ead1302c,ACC-Fabric-1015,CID-016,Receivable,Active,2025-01-01,,0.0,USD,Customer receivable account (Fabric),SampleGen
68add4bc-d3af-4f3b-99df-3555a3cf66fe,ACC-Fabric-1016,CID-017,Receivable,Active,2025-01-01,,0.0,USD,Customer receivable account (Fabric),SampleGen
2b9d90bf-ee8b-44a8-8181-799b92d420b1,ACC-Fabric-1017,CID-018,Receivable,Active,2025-01-01,,0.0,USD,Customer receivable account (Fabric),SampleGen
b55437fc-d8e4-42a7-b490-564897990421,ACC-Fabric-1018,CID-019,Receivable,Active,2025-01-01,,0.0,USD,Customer receivable account (Fabric),SampleGen
b275e6a6-f6d2-422b-a3b5-4f7fa0e68897,ACC-Fabric-1019,CID-020,Receivable,Active,2025-01-01,,0.0,USD,Customer receivable account (Fabric),SampleGen
4d4ccd5b-58c7-450a-b62e-d0bcbc622103,ACC-Fabric-1020,CID-021,Receivable,Active,2025-01-01,,0.0,USD,Customer receivable account (Fabric),SampleGen
0dade43d-7ef3-48da-973e-17d9e5837082,ACC-Fabric-1021,CID-022,Receivable,Active,2025-01-01,,0.0,USD,Customer receivable account (Fabric),SampleGen
dbe2cf23-1b34-449a-b171-3aa09c164e65,ACC-Fabric-1022,CID-023,Receivable,Active,2025-01-01,,0.0,USD,Customer receivable account (Fabric),SampleGen
17700e29-d811-4189-b127-e756e74502b4,ACC-Fabric-1023,CID-024,Receivable,Active,2025-01-01,,0.0,USD,Customer receivable account (Fabric),SampleGen
b6f6e441-7ab2-45eb-86f3-a4dc66524e54,ACC-Fabric-1024,CID-025,Receivable,Active,2025-01-01,,0.0,USD,Customer receivable account (Fabric),SampleGen
d84f65f1-ddb9-4235-b152-1a81be18b0cf,ACC-Fabric-1025,CID-026,Receivable,Active,2025-01-01,,0.0,USD,Customer receivable account (Fabric),SampleGen
46525bc6-7aba-421b-8123-3741bcbdcfcb,ACC-Fabric-1026,CID-027,Receivable,Active,2025-01-01,,0.0,USD,Customer receivable account (Fabric),SampleGen
aff585eb-fc1a-4afc-8f08-3f19a146e88a,ACC-Fabric-1027,CID-028,Receivable,Active,2025-01-01,,0.0,USD,Customer receivable account (Fabric),SampleGen
f9855a61-d3f6-44dc-9710-1cd4f77eed87,ACC-Fabric-1028,CID-029,Receivable,Active,2025-01-01,,0.0,USD,Customer receivable account (Fabric),SampleGen
17ce3912-5eb2-4d4c-8687-cb638632aef4,ACC-Fabric-1029,CID-030,Receivable,Active,2025-01-01,,0.0,USD,Customer receivable account (Fabric),SampleGen
895a4600-8113-4e5f-9995-c0c76a9a1403,ACC-Fabric-1030,CID-031,Receivable,Active,2025-01-01,,0.0,USD,Customer receivable account (Fabric),SampleGen
2d81e459-ac76-4936-91a8-3d521004c531,ACC-Fabric-1031,CID-032,Receivable,Active,2025-01-01,,0.0,USD,Customer receivable account (Fabric),SampleGen
e27c5604-3128-4788-a6cc-0267727ef936,ACC-Fabric-1032,CID-033,Receivable,Active,2025-01-01,,0.0,USD,Customer receivable account (Fabric),SampleGen
2517be87-b27d-4ae0-8dcc-7a89e586894e,ACC-Fabric-1033,CID-034,Receivable,Active,2025-01-01,,0.0,USD,Customer receivable account (Fabric),SampleGen
eaaa4c9d-97b4-4404-964b-75a0279f0ed1,ACC-Fabric-1034,CID-035,Receivable,Active,2025-01-01,,0.0,USD,Customer receivable account (Fabric),SampleGen
4ebad5de-2a06-477a-88e1-44ba8435f138,ACC-Fabric-1035,CID-036,Receivable,Active,2025-01-01,,0.0,USD,Customer receivable account (Fabric),SampleGen
9cff383b-bb1a-4480-a2e1-6f53cd6a3699,ACC-Fabric-1036,CID-037,Receivable,Active,2025-01-01,,0.0,USD,Customer receivable account (Fabric),SampleGen
4f6c89d1-f1a7-4339-855d-cd1b8648cace,ACC-Fabric-1037,CID-038,Receivable,Active,2025-01-01,,0.0,USD,Customer receivable account (Fabric),SampleGen
43d70c6f-1766-4901-b2e4-06a97b68ad86,ACC-Fabric-1038,CID-039,Receivable,Active,2025-01-01,,0.0,USD,Customer receivable account (Fabric),SampleGen
578249f3-839e-4b98-b60d-36dad142763c,ACC-Fabric-1039,CID-040,Receivable,Active,2025-01-01,,0.0,USD,Customer receivable account (Fabric),SampleGen
5fd8df4a-96ab-492a-9a34-d3130f3f3fb6,ACC-Fabric-1040,CID-041,Receivable,Active,2025-01-01,,0.0,USD,Customer receivable account (Fabric),SampleGen
5dee1391-2a5f-41e6-a95b-64eeff3f6c39,ACC-Fabric-1041,CID-042,Receivable,Active,2025-01-01,,0.0,USD,Customer receivable account (Fabric),SampleGen
727f979d-0f5e-4307-aa8e-d6ef3063c84d,ACC-Fabric-1042,CID-043,Receivable,Active,2025-01-01,,0.0,USD,Customer receivable account (Fabric),SampleGen
b7e18af6-353a-4435-9556-ec7740241205,ACC-Fabric-1043,CID-044,Receivable,Active,2025-01-01,,0.0,USD,Customer receivable account (Fabric),SampleGen
55d782b0-002a-4b09-9614-b1b7c09f2e6f,ACC-Fabric-1044,CID-045,Receivable,Active,2025-01-01,,0.0,USD,Customer receivable account (Fabric),SampleGen
1faf8302-c1f9-4deb-81ce-385730480308,ACC-Fabric-1045,CID-046,Receivable,Active,2025-01-01,,0.0,USD,Customer receivable account (Fabric),SampleGen
6a618ce3-07a2-4a1a-992c-9a593272d46d,ACC-Fabric-1046,CID-047,Receivable,Active,2025-01-01,,0.0,USD,Customer receivable account (Fabric),SampleGen
54451401-1a29-437f-b4a7-caa0b6a90cf1,ACC-Fabric-1047,CID-048,Receivable,Active,2025-01-01,,0.0,USD,Customer receivable account (Fabric),SampleGen
5ac810ef-67e1-457b-bfe5-e74d6018724e,ACC-Fabric-1048,CID-049,Receivable,Active,2025-01-01,,0.0,USD,Customer receivable account (Fabric),SampleGen
cd39634a-cf9b-4054-8e78-752a476cf4d1,ACC-Fabric-1049,CID-050,Receivable,Active,2025-01-01,,0.0,USD,Customer receivable account (Fabric),SampleGen
a58af337-fc7e-47b0-83de-cafabfa42e3d,ACC-Fabric-1050,CID-051,Receivable,Active,2025-01-01,,0.0,USD,Customer receivable account (Fabric),SampleGen
47bd8728-f7ff-4680-94b9-9a327b829acd,ACC-Fabric-1051,CID-052,Receivable,Active,2025-01-01,,0.0,USD,Customer receivable account (Fabric),SampleGen
78a40ae8-1ab0-47a5-83b0-f3c4094799c7,ACC-Fabric-1052,CID-053,Receivable,Active,2025-01-01,,0.0,USD,Customer receivable account (Fabric),SampleGen
0a78d601-a524-44fa-a0c3-4baa24f303ca,ACC-Fabric-1053,CID-054,Receivable,Active,2025-01-01,,0.0,USD,Customer receivable account (Fabric),SampleGen
74ec2d55-8e13-4b9b-9725-b4496983832c,ACC-Fabric-1054,CID-055,Receivable,Active,2025-01-01,,0.0,USD,Customer receivable account (Fabric),SampleGen
8429d0f4-712b-41d2-bc11-2c2581a32401,ACC-Fabric-1055,CID-056,Receivable,Active,2025-01-01,,0.0,USD,Customer receivable account (Fabric),SampleGen
a2faa2e6-3c79-4997-bc2a-41cb5289581d,ACC-Fabric-1056,CID-057,Receivable,Active,2025-01-01,,0.0,USD,Customer receivable account (Fabric),SampleGen
34af0ba7-89d8-4571-b998-3f748a8560f3,ACC-Fabric-1057,CID-058,Receivable,Active,2025-01-01,,0.0,USD,Customer receivable account (Fabric),SampleGen
a2b223ca-784c-4acb-992b-1d518b2c777b,ACC-Fabric-1058,CID-059,Receivable,Active,2025-01-01,,0.0,USD,Customer receivable account (Fabric),SampleGen
7700d379-4a73-4173-810f-fa3477da2699,ACC-Fabric-1059,CID-060,Receivable,Active,2025-01-01,,0.0,USD,Customer receivable account (Fabric),SampleGen
fbdc14e8-1580-45f9-b5d6-b10d9ab680a3,ACC-Fabric-1060,CID-061,Receivable,Active,2025-01-01,,0.0,USD,Customer receivable account (Fabric),SampleGen
d586d406-2302-4192-a5ef-0701d2977217,ACC-Fabric-1061,CID-062,Receivable,Active,2025-01-01,,0.0,USD,Customer receivable account (Fabric),SampleGen
d7334f75-e77b-4848-923a-9964b2e53c81,ACC-Fabric-1062,CID-063,Receivable,Active,2025-01-01,,0.0,USD,Customer receivable account (Fabric),SampleGen
35f38cc3-d30c-4ebc-9b7d-ef83f56b5b28,ACC-Fabric-1063,CID-064,Receivable,Active,2025-01-01,,0.0,USD,Customer receivable account (Fabric),SampleGen
1fb59531-02b8-49ee-a017-98cc4463a935,ACC-Fabric-1064,CID-065,Receivable,Active,2025-01-01,,0.0,USD,Customer receivable account (Fabric),SampleGen
aa2b00d3-55ab-48bb-bb96-aeab61d5ea32,ACC-Fabric-1065,CID-066,Receivable,Active,2025-01-01,,0.0,USD,Customer receivable account (Fabric),SampleGen
3f18baa7-9ac6-4af4-8cd6-5c97ca65fca0,ACC-Fabric-1066,CID-067,Receivable,Active,2025-01-01,,0.0,USD,Customer receivable account (Fabric),SampleGen
14f3d172-0bcd-4f10-8d72-162ee08e28fa,ACC-Fabric-1067,CID-068,Receivable,Active,2025-01-01,,0.0,USD,Customer receivable account (Fabric),SampleGen
5d244047-fe9c-4cfa-b7cc-a7b2a46acfc3,ACC-Fabric-1068,CID-069,Receivable,Active,2025-01-01,,0.0,USD,Customer receivable account (Fabric),SampleGen
016861dd-d282-4669-9134-9b59d4806a51,ACC-Fabric-1069,CID-070,Receivable,Active,2025-01-01,,0.0,USD,Customer receivable account (Fabric),SampleGen
0c34ba30-11ec-4f99-835d-2e28acbc21ec,ACC-Fabric-1070,CID-071,Receivable,Active,2025-01-01,,0.0,USD,Customer receivable account (Fabric),SampleGen
1b246aec-a739-4dae-a740-8d6af8a68639,ACC-Fabric-1071,CID-072,Receivable,Active,2025-01-01,,0.0,USD,Customer receivable account (Fabric),SampleGen
c7b3e772-ea5a-4622-a7d1-904f65085458,ACC-Fabric-1072,CID-073,Receivable,Active,2025-01-01,,0.0,USD,Customer receivable account (Fabric),SampleGen
337ca429-18c3-44bb-838f-6e1469f296b4,ACC-Fabric-1073,CID-074,Receivable,Active,2025-01-01,,0.0,USD,Customer receivable account (Fabric),SampleGen
dcb4d432-6fa5-4c27-913d-1caa51f2c760,ACC-Fabric-1074,CID-075,Receivable,Active,2025-01-01,,0.0,USD,Customer receivable account (Fabric),SampleGen
208057d1-c801-4fd2-8659-da214720b507,ACC-Fabric-1075,CID-076,Receivable,Active,2025-01-01,,0.0,USD,Customer receivable account (Fabric),SampleGen
e1c7b7ce-5e1b-4f85-8b88-fa4a7498d124,ACC-Fabric-1076,CID-077,Receivable,Active,2025-01-01,,0.0,USD,Customer receivable account (Fabric),SampleGen
912d0e77-46b0-44f7-801a-c10e167f7b5f,ACC-Fabric-1077,CID-078,Receivable,Active,2025-01-01,,0.0,USD,Customer receivable account (Fabric),SampleGen
2c69e02c-d1ed-4253-a356-3a9b6d71bc6e,ACC-Fabric-1078,CID-079,Receivable,Active,2025-01-01,,0.0,USD,Customer receivable account (Fabric),SampleGen
ab5ad620-f99b-4d64-ba13-f5024bc6214c,ACC-Fabric-1079,CID-080,Receivable,Active,2025-01-01,,0.0,USD,Customer receivable account (Fabric),SampleGen
c35fb288-b236-4e99-9c10-45a9a2eb15bb,ACC-Fabric-1080,CID-081,Receivable,Active,2025-01-01,,0.0,USD,Customer receivable account (Fabric),SampleGen
9c827172-226c-4687-8df5-95d3d1985d30,ACC-Fabric-1081,CID-082,Receivable,Active,2025-01-01,,0.0,USD,Customer receivable account (Fabric),SampleGen
e1f6088e-981d-44e7-a824-ea0e4edfa5b3,ACC-Fabric-1082,CID-083,Receivable,Active,2025-01-01,,0.0,USD,Customer receivable account (Fabric),SampleGen
ab6a7e4a-33b9-4f3a-8775-6c30c5c225a0,ACC-Fabric-1083,CID-084,Receivable,Active,2025-01-01,,0.0,USD,Customer receivable account (Fabric),SampleGen
598d45e6-c564-41cf-b09d-5bab082bd639,ACC-Fabric-1084,CID-085,Receivable,Active,2025-01-01,,0.0,USD,Customer receivable account (Fabric),SampleGen
a6b4c2e1-daf0-4bdf-97ee-1bc4b94367f8,ACC-Fabric-1085,CID-086,Receivable,Active,2025-01-01,,0.0,USD,Customer receivable account (Fabric),SampleGen
6f277ff1-a3bd-4970-b4b9-e8758e8e32f7,ACC-Fabric-1086,CID-087,Receivable,Active,2025-01-01,,0.0,USD,Customer receivable account (Fabric),SampleGen
1d044b9b-c57e-49c3-97a9-2192042eb22c,ACC-Fabric-1087,CID-088,Receivable,Active,2025-01-01,,0.0,USD,Customer receivable account (Fabric),SampleGen
78d7c4ba-7139-4668-bd34-1a83b5903182,ACC-Fabric-1088,CID-089,Receivable,Active,2025-01-01,,0.0,USD,Customer receivable account (Fabric),SampleGen
02dacf75-9c68-4cfc-b197-18a644dc5a36,ACC-Fabric-1089,CID-090,Receivable,Active,2025-01-01,,0.0,USD,Customer receivable account (Fabric),SampleGen
8e3a7f2f-fc7c-4ad8-b92b-4ba9be3e5f0e,ACC-Fabric-1090,CID-091,Receivable,Active,2025-01-01,,0.0,USD,Customer receivable account (Fabric),SampleGen
ac633384-7b9f-4a58-888a-914824a12f6e,ACC-Fabric-1091,CID-092,Receivable,Active,2025-01-01,,0.0,USD,Customer receivable account (Fabric),SampleGen
624c8bdc-f4aa-403a-99a8-4a5a94d1dbdc,ACC-Fabric-1092,CID-093,Receivable,Active,2025-01-01,,0.0,USD,Customer receivable account (Fabric),SampleGen
cef0d12e-d180-4e0b-ad5a-bd7f100a04fe,ACC-Fabric-1093,CID-094,Receivable,Active,2025-01-01,,0.0,USD,Customer receivable account (Fabric),SampleGen
72d103da-3d02-49d9-a65d-8118ab8290c0,ACC-Fabric-1094,CID-095,Receivable,Active,2025-01-01,,0.0,USD,Customer receivable account (Fabric),SampleGen
db31a092-6f36-429c-8808-3e1145f85c5d,ACC-Fabric-1095,CID-096,Receivable,Active,2025-01-01,,0.0,USD,Customer receivable account (Fabric),SampleGen
816c9652-af37-4541-94d9-6c519f3743a6,ACC-Fabric-1096,CID-097,Receivable,Active,2025-01-01,,0.0,USD,Customer receivable account (Fabric),SampleGen
2abfd9b4-bf66-4982-8658-b2fc7dd761e0,ACC-Fabric-1097,CID-098,Receivable,Active,2025-01-01,,0.0,USD,Customer receivable account (Fabric),SampleGen
07316b7a-898b-4036-b660-c016ccfce80c,ACC-Fabric-1098,CID-099,Receivable,Active,2025-01-01,,0.0,USD,Customer receivable account (Fabric),SampleGen
c1980cbc-5c69-448e-a2a6-bff03098927d,ACC-Fabric-1099,CID-100,Receivable,Active,2025-01-01,,0.0,USD,Customer receivable account (Fabric),SampleGen
16de6290-9ce5-4ea1-b79e-c1a6e1630561,ACC-Fabric-1100,CID-101,Receivable,Active,2025-01-01,,0.0,USD,Customer receivable account (Fabric),SampleGen
801d593d-dfaf-4d34-b8a1-d7cf08d727ac,ACC-Fabric-1101,CID-102,Receivable,Active,2025-01-01,,0.0,USD,Customer receivable account (Fabric),SampleGen
80dd3941-60b6-4788-ab13-4a9bec91fc2a,ACC-Fabric-1102,CID-103,Receivable,Active,2025-01-01,,0.0,USD,Customer receivable account (Fabric),SampleGen
dbe51bc6-08f4-4a60-b0b3-fdb7fcb156d0,ACC-Fabric-1103,CID-104,Receivable,Active,2025-01-01,,0.0,USD,Customer receivable account (Fabric),SampleGen
e0281840-19fd-42d0-b7ad-95cd0ea3a437,ACC-Fabric-1104,CID-105,Receivable,Active,2025-01-01,,0.0,USD,Customer receivable account (Fabric),SampleGen
07335276-277a-4ccb-a77f-42864713800b,ACC-Fabric-1105,CID-106,Receivable,Active,2025-01-01,,0.0,USD,Customer receivable account (Fabric),SampleGen
ec798a1b-ec45-454b-b135-b3d285f0a730,ACC-Fabric-1106,CID-107,Receivable,Active,2025-01-01,,0.0,USD,Customer receivable account (Fabric),SampleGen
8a78e168-59e7-4873-b100-2c2a68e3cc64,ACC-Fabric-1107,CID-108,Receivable,Active,2025-01-01,,0.0,USD,Customer receivable account (Fabric),SampleGen
2e512072-589f-4c55-93ef-e7f624a81f9b,ACC-Fabric-1108,CID-109,Receivable,Active,2025-01-01,,0.0,USD,Customer receivable account (Fabric),SampleGen
817e708a-efbf-4308-976a-55b7ae0c0574,ACC-Fabric-1109,CID-110,Receivable,Active,2025-01-01,,0.0,USD,Customer receivable account (Fabric),SampleGen
7b24e17a-44f5-4568-b758-e7ec4cc59e4a,ACC-Fabric-1110,CID-111,Receivable,Active,2025-01-01,,0.0,USD,Customer receivable account (Fabric),SampleGen
a562918c-3145-4038-88fa-7f9cdeb151fc,ACC-Fabric-1111,CID-112,Receivable,Active,2025-01-01,,0.0,USD,Customer receivable account (Fabric),SampleGen
5e63566d-760f-4712-b287-fb8c64a2c0b7,ACC-Fabric-1112,CID-113,Receivable,Active,2025-01-01,,0.0,USD,Customer receivable account (Fabric),SampleGen
3a88d599-a070-433d-b839-c1ba5aafc591,ACC-Fabric-1113,CID-114,Receivable,Active,2025-01-01,,0.0,USD,Customer receivable account (Fabric),SampleGen
6257823e-ab36-4cfe-b93c-315c591b93b1,ACC-Fabric-1114,CID-115,Receivable,Active,2025-01-01,,0.0,USD,Customer receivable account (Fabric),SampleGen
18175684-3002-40ac-a5a1-437a8a1b528c,ACC-Fabric-1115,CID-116,Receivable,Active,2025-01-01,,0.0,USD,Customer receivable account (Fabric),SampleGen
0ec05fcb-4a39-4619-938f-854c0c01901f,ACC-Fabric-1116,CID-117,Receivable,Active,2025-01-01,,0.0,USD,Customer receivable account (Fabric),SampleGen
332f56da-176d-4d4e-a257-fa8164628251,ACC-Fabric-1117,CID-118,Receivable,Active,2025-01-01,,0.0,USD,Customer receivable account (Fabric),SampleGen
8746ffe2-2f49-40ed-a702-16180df80f38,ACC-Fabric-1118,CID-119,Receivable,Active,2025-01-01,,0.0,USD,Customer receivable account (Fabric),SampleGen
0c5589aa-d39c-403e-a543-89c8df7e66c2,ACC-Fabric-1119,CID-120,Receivable,Active,2025-01-01,,0.0,USD,Customer receivable account (Fabric),SampleGen
63606e2d-3fcf-4039-8860-79c29ed4552c,ACC-Fabric-1120,CID-121,Receivable,Active,2025-01-01,,0.0,USD,Customer receivable account (Fabric),SampleGen
47e2f59c-2e28-45b5-a6bb-ee1651a4f569,ACC-Fabric-1121,CID-122,Receivable,Active,2025-01-01,,0.0,USD,Customer receivable account (Fabric),SampleGen
d04ca36d-e6df-4d7e-a461-f26011f26350,ACC-Fabric-1122,CID-123,Receivable,Active,2025-01-01,,0.0,USD,Customer receivable account (Fabric),SampleGen
7d878d96-acbd-4a4a-bbec-7554a69a7b6d,ACC-Fabric-1123,CID-124,Receivable,Active,2025-01-01,,0.0,USD,Customer receivable account (Fabric),SampleGen
49632ba3-dafe-462d-bb89-3acd4c6f2060,ACC-Fabric-1124,CID-125,Receivable,Active,2025-01-01,,0.0,USD,Customer receivable account (Fabric),SampleGen
c9ae0222-df81-448f-9282-1222031598ae,ACC-Fabric-1125,CID-126,Receivable,Active,2025-01-01,,0.0,USD,Customer receivable account (Fabric),SampleGen
86fd9a3a-93ce-4675-a379-0ee5d5614bfa,ACC-Fabric-1126,CID-127,Receivable,Active,2025-01-01,,0.0,USD,Customer receivable account (Fabric),SampleGen
dad411e9-72c7-43c6-9045-40a3504b57b2,ACC-Fabric-1127,CID-128,Receivable,Active,2025-01-01,,0.0,USD,Customer receivable account (Fabric),SampleGen
4b9f8542-c54c-416d-9c50-d1a1c4d750e2,ACC-Fabric-1128,CID-129,Receivable,Active,2025-01-01,,0.0,USD,Customer receivable account (Fabric),SampleGen
71fded75-2c97-4d33-a2d7-809cfc382612,ACC-Fabric-1129,CID-130,Receivable,Active,2025-01-01,,0.0,USD,Customer receivable account (Fabric),SampleGen
5d1a2abf-9fd4-42e5-8214-df1331ae455a,ACC-Fabric-1130,CID-131,Receivable,Active,2025-01-01,,0.0,USD,Customer receivable account (Fabric),SampleGen
c132b64f-dcac-4831-b599-03489e007953,ACC-Fabric-1131,CID-132,Receivable,Active,2025-01-01,,0.0,USD,Customer receivable account (Fabric),SampleGen
4fc4d0aa-5a82-49e3-9ef6-29aebb0e7359,ACC-Fabric-1132,CID-133,Receivable,Active,2025-01-01,,0.0,USD,Customer receivable account (Fabric),SampleGen
26103f19-0e8b-49c3-9634-8d918d64abf5,ACC-Fabric-1133,CID-134,Receivable,Active,2025-01-01,,0.0,USD,Customer receivable account (Fabric),SampleGen
81eafaf5-2b78-4980-8da1-7bef8f63af39,ACC-Fabric-1134,CID-135,Receivable,Active,2025-01-01,,0.0,USD,Customer receivable account (Fabric),SampleGen
dbecdc88-fd61-453e-845a-4d31f21100aa,ACC-Fabric-1135,CID-136,Receivable,Active,2025-01-01,,0.0,USD,Customer receivable account (Fabric),SampleGen
b0815382-edb1-4423-aa82-fe4b7842d662,ACC-Fabric-1136,CID-137,Receivable,Active,2025-01-01,,0.0,USD,Customer receivable account (Fabric),SampleGen
a574cb1e-8ade-43cb-be0d-f513a35566a5,ACC-Fabric-1137,CID-138,Receivable,Active,2025-01-01,,0.0,USD,Customer receivable account (Fabric),SampleGen
5b269073-6554-429a-8af7-ccf8fa6e9e8c,ACC-Fabric-1138,CID-139,Receivable,Active,2025-01-01,,0.0,USD,Customer receivable account (Fabric),SampleGen
0e270dd3-fa9e-4360-9197-02646c213736,ACC-Fabric-1139,CID-140,Receivable,Active,2025-01-01,,0.0,USD,Customer receivable account (Fabric),SampleGen
800a2399-6779-417e-a994-f2ffb5694a43,ACC-Fabric-1140,CID-141,Receivable,Active,2025-01-01,,0.0,USD,Customer receivable account (Fabric),SampleGen
82f9b6aa-5d1a-40c7-9a91-2d93293ae829,ACC-Fabric-1141,CID-142,Receivable,Active,2025-01-01,,0.0,USD,Customer receivable account (Fabric),SampleGen
82ba921b-9a9c-4f63-8c56-d6c374778165,ACC-Fabric-1142,CID-143,Receivable,Active,2025-01-01,,0.0,USD,Customer receivable account (Fabric),SampleGen
35dba7af-8a2e-44e1-b7ea-7caf9ce2a94e,ACC-Fabric-1143,CID-144,Receivable,Active,2025-01-01,,0.0,USD,Customer receivable account (Fabric),SampleGen
5bd03fb2-b8e1-4e9f-971d-b7dbf2b8973d,ACC-Fabric-1144,CID-145,Receivable,Active,2025-01-01,,0.0,USD,Customer receivable account (Fabric),SampleGen
869e7db9-065e-47e5-814f-5c4de656945c,ACC-Fabric-1145,CID-146,Receivable,Active,2025-01-01,,0.0,USD,Customer receivable account (Fabric),SampleGen
fad1cb8a-6e97-41c4-b446-78f6a024ad3a,ACC-Fabric-1146,CID-147,Receivable,Active,2025-01-01,,0.0,USD,Customer receivable account (Fabric),SampleGen
096fdce5-af3a-4fe6-b504-1207eb3760f0,ACC-Fabric-1147,CID-148,Receivable,Active,2025-01-01,,0.0,USD,Customer receivable account (Fabric),SampleGen
51b14f84-f0d7-4c8e-bc66-7f3d3f166718,ACC-Fabric-1148,CID-149,Receivable,Active,2025-01-01,,0.0,USD,Customer receivable account (Fabric),SampleGen
e6230583-4702-49db-9d22-dca5bbadb2f6,ACC-Fabric-1149,CID-150,Receivable,Active,2025-01-01,,0.0,USD,Customer receivable account (Fabric),SampleGen
f48b7724-1d96-4ada-a118-b54aca691ca6,ACC-Fabric-1150,CID-151,Receivable,Active,2025-01-01,,0.0,USD,Customer receivable account (Fabric),SampleGen
69d49c4b-1335-4249-a668-53884669700b,ACC-Fabric-1151,CID-152,Receivable,Active,2025-01-01,,0.0,USD,Customer receivable account (Fabric),SampleGen
ed870831-6d94-430b-be06-a212dc4cb6fc,ACC-Fabric-1152,CID-153,Receivable,Active,2025-01-01,,0.0,USD,Customer receivable account (Fabric),SampleGen
6b8d1a24-c16e-4ec6-953f-3d142de96fab,ACC-Fabric-1153,CID-154,Receivable,Active,2025-01-01,,0.0,USD,Customer receivable account (Fabric),SampleGen
aa950210-9ed4-40f8-a5bd-5e5b084a6d57,ACC-Fabric-1154,CID-155,Receivable,Active,2025-01-01,,0.0,USD,Customer receivable account (Fabric),SampleGen
c933d3f8-ab6d-4ce6-a775-7c5985b2fac4,ACC-Fabric-1155,CID-156,Receivable,Active,2025-01-01,,0.0,USD,Customer receivable account (Fabric),SampleGen
f6140eea-42d6-435c-bc7f-98964a58d119,ACC-Fabric-1156,CID-157,Receivable,Active,2025-01-01,,0.0,USD,Customer receivable account (Fabric),SampleGen
6b2476df-d62f-4959-9601-3a19fb5e75fb,ACC-Fabric-1157,CID-158,Receivable,Active,2025-01-01,,0.0,USD,Customer receivable account (Fabric),SampleGen
82e9d3e9-5f0d-4896-84bd-02a5cf6af83e,ACC-Fabric-1158,CID-159,Receivable,Active,2025-01-01,,0.0,USD,Customer receivable account (Fabric),SampleGen
c2cd50de-5e94-4e47-8703-b46d25352c5c,ACC-Fabric-1159,CID-160,Receivable,Active,2025-01-01,,0.0,USD,Customer receivable account (Fabric),SampleGen
178a68a1-7c17-467f-89d5-3567ec0426da,ACC-Fabric-1160,CID-161,Receivable,Active,2025-01-01,,0.0,USD,Customer receivable account (Fabric),SampleGen
50264df7-e43f-4747-a22b-f2e841128552,ACC-Fabric-1161,CID-162,Receivable,Active,2025-01-01,,0.0,USD,Customer receivable account (Fabric),SampleGen
e3beb2e1-0729-436c-a2bc-8ef12a7a56a9,ACC-Fabric-1162,CID-163,Receivable,Active,2025-01-01,,0.0,USD,Customer receivable account (Fabric),SampleGen
83b37527-77fb-4144-9b76-c7ad0c5c39a2,ACC-Fabric-1163,CID-164,Receivable,Active,2025-01-01,,0.0,USD,Customer receivable account (Fabric),SampleGen
cc7ad3bd-60a2-4ce9-a332-fa5667e00ebc,ACC-Fabric-1164,CID-165,Receivable,Active,2025-01-01,,0.0,USD,Customer receivable account (Fabric),SampleGen
f67f77a4-547a-44f7-9821-add0c4fad69c,ACC-Fabric-1165,CID-166,Receivable,Active,2025-01-01,,0.0,USD,Customer receivable account (Fabric),SampleGen
98af49bb-ce58-4fef-8213-4e598850e40b,ACC-Fabric-1166,CID-167,Receivable,Active,2025-01-01,,0.0,USD,Customer receivable account (Fabric),SampleGen
ec9f87a0-bea0-400a-8a78-e9c133e7f17c,ACC-Fabric-1167,CID-168,Receivable,Active,2025-01-01,,0.0,USD,Customer receivable account (Fabric),SampleGen
70a92fe3-8aca-4db6-8e18-ba0b7e3865cc,ACC-Fabric-1168,CID-169,Receivable,Active,2025-01-01,,0.0,USD,Customer receivable account (Fabric),SampleGen
8656b484-f343-4a15-a4a6-f879ae51d302,ACC-Fabric-1169,CID-170,Receivable,Active,2025-01-01,,0.0,USD,Customer receivable account (Fabric),SampleGen
e4393cb1-0b67-4b3e-8534-6846830263ed,ACC-Fabric-1170,CID-171,Receivable,Active,2025-01-01,,0.0,USD,Customer receivable account (Fabric),SampleGen
5cdcdfd0-afb3-4ae9-a97e-a7cc8c79f84f,ACC-Fabric-1171,CID-172,Receivable,Active,2025-01-01,,0.0,USD,Customer receivable account (Fabric),SampleGen
33a811fe-9c36-4a14-b562-52c136322a5a,ACC-Fabric-1172,CID-173,Receivable,Active,2025-01-01,,0.0,USD,Customer receivable account (Fabric),SampleGen
f67fae2b-d98c-40d8-86c6-410fd368277b,ACC-Fabric-1173,CID-174,Receivable,Active,2025-01-01,,0.0,USD,Customer receivable account (Fabric),SampleGen
0850c531-992b-4697-8d40-42fc6468f767,ACC-Fabric-1174,CID-175,Receivable,Active,2025-01-01,,0.0,USD,Customer receivable account (Fabric),SampleGen
74238629-a634-43d8-859c-2b650f145def,ACC-Fabric-1175,CID-176,Receivable,Active,2025-01-01,,0.0,USD,Customer receivable account (Fabric),SampleGen
c15ac034-deb4-456d-9166-968a391128df,ACC-Fabric-1176,CID-177,Receivable,Active,2025-01-01,,0.0,USD,Customer receivable account (Fabric),SampleGen
19eacedc-5769-4b2a-a229-c7a08f2b4f59,ACC-Fabric-1177,CID-178,Receivable,Active,2025-01-01,,0.0,USD,Customer receivable account (Fabric),SampleGen
ae4719c8-4ff8-476a-b6a3-923e12fdfae7,ACC-Fabric-1178,CID-179,Receivable,Active,2025-01-01,,0.0,USD,Customer receivable account (Fabric),SampleGen
c79b8357-5527-4922-901d-954dea83033a,ACC-Fabric-1179,CID-180,Receivable,Active,2025-01-01,,0.0,USD,Customer receivable account (Fabric),SampleGen
b86cb621-5667-41e0-b046-e88c60d74311,ACC-Fabric-1180,CID-181,Receivable,Active,2025-01-01,,0.0,USD,Customer receivable account (Fabric),SampleGen
21a3c04d-c240-4afb-b1d7-6f57560d3648,ACC-Fabric-1181,CID-182,Receivable,Active,2025-01-01,,0.0,USD,Customer receivable account (Fabric),SampleGen
c35ba1f6-9bec-4a68-9601-4bcf2ac23581,ACC-Fabric-1182,CID-183,Receivable,Active,2025-01-01,,0.0,USD,Customer receivable account (Fabric),SampleGen
e9e5ab1a-f8b0-4fc2-91ab-215e8b4c28de,ACC-Fabric-1183,CID-184,Receivable,Active,2025-01-01,,0.0,USD,Customer receivable account (Fabric),SampleGen
0385c09c-a631-4a03-875c-421710cd6c77,ACC-Fabric-1184,CID-185,Receivable,Active,2025-01-01,,0.0,USD,Customer receivable account (Fabric),SampleGen
781bfc06-869c-4a3f-ac32-7a841200c58b,ACC-Fabric-1185,CID-186,Receivable,Active,2025-01-01,,0.0,USD,Customer receivable account (Fabric),SampleGen
dccb493b-67ee-4b46-b102-37d05dedc696,ACC-Fabric-1186,CID-187,Receivable,Active,2025-01-01,,0.0,USD,Customer receivable account (Fabric),SampleGen
8defdeb1-86f0-4cf4-98cf-b7638bb69636,ACC-Fabric-1187,CID-188,Receivable,Active,2025-01-01,,0.0,USD,Customer receivable account (Fabric),SampleGen
59b11bec-61ff-46c6-8165-51d9b444ffec,ACC-Fabric-1188,CID-189,Receivable,Active,2025-01-01,,0.0,USD,Customer receivable account (Fabric),SampleGen
55304023-efa3-421b-a499-dd89a39120d7,ACC-Fabric-1189,CID-190,Receivable,Active,2025-01-01,,0.0,USD,Customer receivable account (Fabric),SampleGen
252050c4-0d24-408f-a951-a1848fc19ce8,ACC-Fabric-1190,CID-191,Receivable,Active,2025-01-01,,0.0,USD,Customer receivable account (Fabric),SampleGen
90ac1243-20be-41d9-96c6-b1522f1a8982,ACC-Fabric-1191,CID-192,Receivable,Active,2025-01-01,,0.0,USD,Customer receivable account (Fabric),SampleGen
9245be37-9e7e-44ed-ad5c-24cede329e07,ACC-Fabric-1192,CID-193,Receivable,Active,2025-01-01,,0.0,USD,Customer receivable account (Fabric),SampleGen
1b5515bb-2706-4aff-ba78-e51a9b0f29c3,ACC-Fabric-1193,CID-194,Receivable,Active,2025-01-01,,0.0,USD,Customer receivable account (Fabric),SampleGen
3ee5133b-6549-4157-be3f-a89063403d4e,ACC-Fabric-1194,CID-195,Receivable,Active,2025-01-01,,0.0,USD,Customer receivable account (Fabric),SampleGen
c4529754-9d05-476d-bb73-4aa5e51b781b,ACC-Fabric-1195,CID-196,Receivable,Active,2025-01-01,,0.0,USD,Customer receivable account (Fabric),SampleGen
f05887be-d0fc-4e1f-897d-cc0eb43a8b14,ACC-Fabric-1196,CID-197,Receivable,Active,2025-01-01,,0.0,USD,Customer receivable account (Fabric),SampleGen
15d3577f-6d55-4774-bedc-68eb95c03188,ACC-Fabric-1197,CID-198,Receivable,Active,2025-01-01,,0.0,USD,Customer receivable account (Fabric),SampleGen
8e0f17c3-18fa-4844-af99-43013eedea55,ACC-Fabric-1198,CID-199,Receivable,Active,2025-01-01,,0.0,USD,Customer receivable account (Fabric),SampleGen
5fcbc4d1-6dfc-4dc2-8b45-e3264f7ec81b,ACC-Fabric-1199,CID-200,Receivable,Active,2025-01-01,,0.0,USD,Customer receivable account (Fabric),SampleGen
98a6ed88-277b-48cc-86fa-4f217c0d83e2,ACC-Fabric-1200,CID-201,Receivable,Active,2025-01-01,,0.0,USD,Customer receivable account (Fabric),SampleGen
cf94660b-3d18-4741-866e-c957cb3cf0c0,ACC-Fabric-1201,CID-202,Receivable,Active,2025-01-01,,0.0,USD,Customer receivable account (Fabric),SampleGen
38f4c397-0ede-4d2b-b4fa-6f030d045ebc,ACC-Fabric-1202,CID-203,Receivable,Active,2025-01-01,,0.0,USD,Customer receivable account (Fabric),SampleGen
a1ee1e82-08ee-4c95-854f-9088744034d6,ACC-Fabric-1203,CID-204,Receivable,Active,2025-01-01,,0.0,USD,Customer receivable account (Fabric),SampleGen
0a7723c7-fae4-464b-9fbf-c792785894b2,ACC-Fabric-1204,CID-205,Receivable,Active,2025-01-01,,0.0,USD,Customer receivable account (Fabric),SampleGen
fd28e48a-8eb0-4c89-bda7-1b10a4909734,ACC-Fabric-1205,CID-206,Receivable,Active,2025-01-01,,0.0,USD,Customer receivable account (Fabric),SampleGen
0822833d-a13c-4448-ab9c-0a249f688ea1,ACC-Fabric-1206,CID-207,Receivable,Active,2025-01-01,,0.0,USD,Customer receivable account (Fabric),SampleGen
fd4a78b9-4e88-483a-a388-820efd3dcb9d,ACC-Fabric-1207,CID-208,Receivable,Active,2025-01-01,,0.0,USD,Customer receivable account (Fabric),SampleGen
79268674-ca0f-41e1-a958-9534cdc5740d,ACC-Fabric-1208,CID-209,Receivable,Active,2025-01-01,,0.0,USD,Customer receivable account (Fabric),SampleGen
2ae6c99d-fd2d-4323-9987-e80041f95492,ACC-Fabric-1209,CID-210,Receivable,Active,2025-01-01,,0.0,USD,Customer receivable account (Fabric),SampleGen
21fad181-427b-44d2-9f0a-b52371efcc1c,ACC-Fabric-1210,CID-211,Receivable,Active,2025-01-01,,0.0,USD,Customer receivable account (Fabric),SampleGen
cfacd653-f43a-414f-8eaf-f0874101fef6,ACC-Fabric-1211,CID-212,Receivable,Active,2025-01-01,,0.0,USD,Customer receivable account (Fabric),SampleGen
c098b583-a2e1-4432-914f-bcde28abb72a,ACC-Fabric-1212,CID-213,Receivable,Active,2025-01-01,,0.0,USD,Customer receivable account (Fabric),SampleGen
3b9dc0cf-e689-4b04-80ac-8565cd621b86,ACC-Fabric-1213,CID-214,Receivable,Active,2025-01-01,,0.0,USD,Customer receivable account (Fabric),SampleGen
5d96604b-0261-4c04-8ea5-5a667c80f1bb,ACC-Fabric-1214,CID-215,Receivable,Active,2025-01-01,,0.0,USD,Customer receivable account (Fabric),SampleGen
46da2e39-9d2a-45ec-a2ad-67f6c8844b5c,ACC-Fabric-1215,CID-216,Receivable,Active,2025-01-01,,0.0,USD,Customer receivable account (Fabric),SampleGen
0a1f5df9-0a13-4a62-a10e-6371dad777e3,ACC-Fabric-1216,CID-217,Receivable,Active,2025-01-01,,0.0,USD,Customer receivable account (Fabric),SampleGen
820b6635-ece8-421f-9c0e-9feb08291028,ACC-Fabric-1217,CID-218,Receivable,Active,2025-01-01,,0.0,USD,Customer receivable account (Fabric),SampleGen
f8839602-3168-4f67-b796-46be9739721d,ACC-Fabric-1218,CID-219,Receivable,Active,2025-01-01,,0.0,USD,Customer receivable account (Fabric),SampleGen
b042f587-dfc9-47b8-8d70-7b9830bd5a15,ACC-Fabric-1219,CID-220,Receivable,Active,2025-01-01,,0.0,USD,Customer receivable account (Fabric),SampleGen
ede74cf2-c68d-49ae-9537-89aa7e0a60b4,ACC-Fabric-1220,CID-221,Receivable,Active,2025-01-01,,0.0,USD,Customer receivable account (Fabric),SampleGen
920eb1a7-bacb-4cec-869f-5e8a991e9180,ACC-Fabric-1221,CID-222,Receivable,Active,2025-01-01,,0.0,USD,Customer receivable account (Fabric),SampleGen
86573922-0eab-4375-ac4b-44cc85b60302,ACC-Fabric-1222,CID-223,Receivable,Active,2025-01-01,,0.0,USD,Customer receivable account (Fabric),SampleGen
b48f0012-23d5-4e20-9ce3-74f1faab3019,ACC-Fabric-1223,CID-224,Receivable,Active,2025-01-01,,0.0,USD,Customer receivable account (Fabric),SampleGen
52598eba-d298-47d0-9b42-39ddf0819566,ACC-Fabric-1224,CID-225,Receivable,Active,2025-01-01,,0.0,USD,Customer receivable account (Fabric),SampleGen
8553bda9-8174-4d17-b018-5eac485a6862,ACC-Fabric-1225,CID-226,Receivable,Active,2025-01-01,,0.0,USD,Customer receivable account (Fabric),SampleGen
0e7f0a7b-db5a-4930-9283-577909780dbf,ACC-Fabric-1226,CID-227,Receivable,Active,2025-01-01,,0.0,USD,Customer receivable account (Fabric),SampleGen
98a7a9e9-ea89-490c-8abd-d1c578a965f6,ACC-Fabric-1227,CID-228,Receivable,Active,2025-01-01,,0.0,USD,Customer receivable account (Fabric),SampleGen
f408f693-af20-401c-a896-386e91f1e5c1,ACC-Fabric-1228,CID-229,Receivable,Active,2025-01-01,,0.0,USD,Customer receivable account (Fabric),SampleGen
06b76030-850e-4c5a-9ff2-9c22227a54c6,ACC-Fabric-1229,CID-230,Receivable,Active,2025-01-01,,0.0,USD,Customer receivable account (Fabric),SampleGen
7e99ceb7-e091-4732-9931-9dd38f50e438,ACC-Fabric-1230,CID-231,Receivable,Active,2025-01-01,,0.0,USD,Customer receivable account (Fabric),SampleGen
7e88c2ec-ee85-4eef-b915-96ac7013c8dd,ACC-Fabric-1231,CID-232,Receivable,Active,2025-01-01,,0.0,USD,Customer receivable account (Fabric),SampleGen
dabc6d80-74e4-46ab-b27f-c632471f6a16,ACC-Fabric-1232,CID-233,Receivable,Active,2025-01-01,,0.0,USD,Customer receivable account (Fabric),SampleGen
656b303f-a29d-44c1-a186-980a63e3edb0,ACC-Fabric-1233,CID-234,Receivable,Active,2025-01-01,,0.0,USD,Customer receivable account (Fabric),SampleGen
17a4f241-9546-4da3-a769-e7f3230bcc0c,ACC-Fabric-1234,CID-235,Receivable,Active,2025-01-01,,0.0,USD,Customer receivable account (Fabric),SampleGen
1a036a26-a167-4f39-8680-d36cc9003593,ACC-Fabric-1235,CID-236,Receivable,Active,2025-01-01,,0.0,USD,Customer receivable account (Fabric),SampleGen
f40b68e1-8952-432d-bf26-60d2f1c86fd8,ACC-Fabric-1236,CID-237,Receivable,Active,2025-01-01,,0.0,USD,Customer receivable account (Fabric),SampleGen
fd673bcc-9241-4d3c-b1a3-22eb30fc7309,ACC-Fabric-1237,CID-238,Receivable,Active,2025-01-01,,0.0,USD,Customer receivable account (Fabric),SampleGen
7048adde-d5d7-47de-9c37-d599fc72a102,ACC-Fabric-1238,CID-239,Receivable,Active,2025-01-01,,0.0,USD,Customer receivable account (Fabric),SampleGen
5ffd493f-f817-4763-bdc6-32209ff71ca5,ACC-Fabric-1239,CID-240,Receivable,Active,2025-01-01,,0.0,USD,Customer receivable account (Fabric),SampleGen
5e7ac796-6154-4ffe-9245-69c44db861d4,ACC-Fabric-1240,CID-241,Receivable,Active,2025-01-01,,0.0,USD,Customer receivable account (Fabric),SampleGen
be8118cf-660f-45b8-9b44-761e6309f4c6,ACC-Fabric-1241,CID-242,Receivable,Active,2025-01-01,,0.0,USD,Customer receivable account (Fabric),SampleGen
455c3dd9-ac5f-447c-a82a-9f0b75ff34f5,ACC-Fabric-1242,CID-243,Receivable,Active,2025-01-01,,0.0,USD,Customer receivable account (Fabric),SampleGen
7c4b7300-8aae-4f1a-8c86-20b221f07b52,ACC-Fabric-1243,CID-244,Receivable,Active,2025-01-01,,0.0,USD,Customer receivable account (Fabric),SampleGen
7287ab4a-174f-4bac-8d6c-e1e685b4e4bb,ACC-Fabric-1244,CID-245,Receivable,Active,2025-01-01,,0.0,USD,Customer receivable account (Fabric),SampleGen
3d696e4a-43c8-4100-8b25-e4b5b2751b13,ACC-Fabric-1245,CID-246,Receivable,Active,2025-01-01,,0.0,USD,Customer receivable account (Fabric),SampleGen
a7418a77-f083-4dbb-8e28-0354124d5576,ACC-Fabric-1246,CID-247,Receivable,Active,2025-01-01,,0.0,USD,Customer receivable account (Fabric),SampleGen
b8c486a5-719a-4170-975e-650b2038f334,ACC-Fabric-1247,CID-248,Receivable,Active,2025-01-01,,0.0,USD,Customer receivable account (Fabric),SampleGen
c8cf5c84-4211-45b7-96ab-d0ef973e9853,ACC-Fabric-1248,CID-249,Receivable,Active,2025-01-01,,0.0,USD,Customer receivable account (Fabric),SampleGen
7f87681a-af9b-40f6-a795-d6ed065ce2d4,ACC-Fabric-1249,CID-250,Receivable,Active,2025-01-01,,0.0,USD,Customer receivable account (Fabric),SampleGen
229ad022-5d3f-435c-bfe9-94fd2c0d8ee2,ACC-Fabric-1250,CID-251,Receivable,Active,2025-01-01,,0.0,USD,Customer receivable account (Fabric),SampleGen
88c84bc9-e2cd-43fc-9f59-bb1f16cfbad6,ACC-Fabric-1251,CID-252,Receivable,Active,2025-01-01,,0.0,USD,Customer receivable account (Fabric),SampleGen
2c3a9d4c-4a68-4efb-9f00-fc9089caf6a8,ACC-Fabric-1252,CID-253,Receivable,Active,2025-01-01,,0.0,USD,Customer receivable account (Fabric),SampleGen
3b16ce55-373a-4829-a713-d364622b40c0,ACC-Fabric-1253,CID-254,Receivable,Active,2025-01-01,,0.0,USD,Customer receivable account (Fabric),SampleGen
827f6dca-91ef-4a65-8263-1529074d7104,ACC-Fabric-1254,CID-255,Receivable,Active,2025-01-01,,0.0,USD,Customer receivable account (Fabric),SampleGen
6f9ce76e-c510-43fd-a2d0-89a42f864657,ACC-Fabric-1255,CID-256,Receivable,Active,2025-01-01,,0.0,USD,Customer receivable account (Fabric),SampleGen
28993828-11ff-460f-8079-a678f9a25d74,ACC-Fabric-1256,CID-257,Receivable,Active,2025-01-01,,0.0,USD,Customer receivable account (Fabric),SampleGen
fe33e496-a2b1-492f-b810-8ffddee7b783,ACC-Fabric-1257,CID-258,Receivable,Active,2025-01-01,,0.0,USD,Customer receivable account (Fabric),SampleGen
7c4365cd-ea4f-4a2b-97fd-ce6fb80b5984,ACC-Fabric-1258,CID-259,Receivable,Active,2025-01-01,,0.0,USD,Customer receivable account (Fabric),SampleGen
06bb81b2-fda0-4cdc-bd71-2560a0e11c51,ACC-Fabric-1259,CID-260,Receivable,Active,2025-01-01,,0.0,USD,Customer receivable account (Fabric),SampleGen
1d88e573-3dda-4a91-9fda-0e18305618a0,ACC-Fabric-1260,CID-261,Receivable,Active,2025-01-01,,0.0,USD,Customer receivable account (Fabric),SampleGen
5845f6c6-99d3-4f5e-9a91-2c8191255531,ACC-Fabric-1261,CID-262,Receivable,Active,2025-01-01,,0.0,USD,Customer receivable account (Fabric),SampleGen
c06fe9e3-6816-46b0-a0a6-1ca80e4b4452,ACC-Fabric-1262,CID-263,Receivable,Active,2025-01-01,,0.0,USD,Customer receivable account (Fabric),SampleGen
22280f8d-4174-48ac-81b7-fa0a047dc3c7,ACC-Fabric-1263,CID-264,Receivable,Active,2025-01-01,,0.0,USD,Customer receivable account (Fabric),SampleGen
2d024590-1f92-4234-b1b3-6cc02b11c6a8,ACC-Fabric-1264,CID-265,Receivable,Active,2025-01-01,,0.0,USD,Customer receivable account (Fabric),SampleGen
866e5595-25cf-4cae-8b28-ee7f0d739a84,ACC-Fabric-1265,CID-266,Receivable,Active,2025-01-01,,0.0,USD,Customer receivable account (Fabric),SampleGen
5977744f-5040-4dd1-b09a-2aadd766772b,ACC-Fabric-1266,CID-267,Receivable,Active,2025-01-01,,0.0,USD,Customer receivable account (Fabric),SampleGen
d63359bf-4b5d-4ff0-ba05-70cc04f93c2d,ACC-Fabric-1267,CID-268,Receivable,Active,2025-01-01,,0.0,USD,Customer receivable account (Fabric),SampleGen
8f0fcf9c-7eba-46bc-8a3f-99ce2c7563e8,ACC-Fabric-1268,CID-269,Receivable,Active,2025-01-01,,0.0,USD,Customer receivable account (Fabric),SampleGen
1bebaca5-c41a-4169-9f6b-2333d8a0c8d9,ACC-Fabric-1269,CID-270,Receivable,Active,2025-01-01,,0.0,USD,Customer receivable account (Fabric),SampleGen
b4e59765-fceb-4a00-87f6-07e6a6fbb1e7,ACC-Fabric-1270,CID-271,Receivable,Active,2025-01-01,,0.0,USD,Customer receivable account (Fabric),SampleGen
345068b1-a88e-42f2-912f-b0b854b7e87a,ACC-Fabric-1271,CID-272,Receivable,Active,2025-01-01,,0.0,USD,Customer receivable account (Fabric),SampleGen
260dcd9b-41e1-4361-911f-1373d29c752f,ACC-Fabric-1272,CID-273,Receivable,Active,2025-01-01,,0.0,USD,Customer receivable account (Fabric),SampleGen
ea721070-8f30-43f6-8853-6cb5d27e660a,ACC-Fabric-1273,CID-274,Receivable,Active,2025-01-01,,0.0,USD,Customer receivable account (Fabric),SampleGen
b03c8f4e-e51c-4058-8c2e-517d3c0ee61d,ACC-Fabric-1274,CID-275,Receivable,Active,2025-01-01,,0.0,USD,Customer receivable account (Fabric),SampleGen
ebee74f6-0a65-4d72-8a9e-99a693fd12df,ACC-Fabric-1275,CID-276,Receivable,Active,2025-01-01,,0.0,USD,Customer receivable account (Fabric),SampleGen
9e6e2c97-5d0e-457a-b005-348d6e014d78,ACC-Fabric-1276,CID-277,Receivable,Active,2025-01-01,,0.0,USD,Customer receivable account (Fabric),SampleGen
7b267865-b974-4890-b9b3-cdb205f52bc6,ACC-Fabric-1277,CID-278,Receivable,Active,2025-01-01,,0.0,USD,Customer receivable account (Fabric),SampleGen
1335aeaa-619b-4cca-86e5-08c5fb32e032,ACC-Fabric-1278,CID-279,Receivable,Active,2025-01-01,,0.0,USD,Customer receivable account (Fabric),SampleGen
52d16fe4-d4dd-4909-8261-3e439186ebd1,ACC-Fabric-1279,CID-280,Receivable,Active,2025-01-01,,0.0,USD,Customer receivable account (Fabric),SampleGen
2b5519cc-6259-45c4-ba92-9fb1f528b74d,ACC-Fabric-1280,CID-281,Receivable,Active,2025-01-01,,0.0,USD,Customer receivable account (Fabric),SampleGen
4c1b2bcc-2bb5-437f-a85a-1483c8e8f716,ACC-Fabric-1281,CID-282,Receivable,Active,2025-01-01,,0.0,USD,Customer receivable account (Fabric),SampleGen
c7f326ca-f2c5-47e1-868c-ead21b69a66c,ACC-Fabric-1282,CID-283,Receivable,Active,2025-01-01,,0.0,USD,Customer receivable account (Fabric),SampleGen
48e5031e-19da-4501-a809-e3e51e592cc5,ACC-Fabric-1283,CID-284,Receivable,Active,2025-01-01,,0.0,USD,Customer receivable account (Fabric),SampleGen
0e0e4523-5fe3-436a-baee-c9f02e58fb6a,ACC-Fabric-1284,CID-285,Receivable,Active,2025-01-01,,0.0,USD,Customer receivable account (Fabric),SampleGen
ad5902fa-30b6-4426-8027-9fff76518a32,ACC-Fabric-1285,CID-286,Receivable,Active,2025-01-01,,0.0,USD,Customer receivable account (Fabric),SampleGen
5d82c006-9678-4ea0-b0aa-a113f1551294,ACC-Fabric-1286,CID-287,Receivable,Active,2025-01-01,,0.0,USD,Customer receivable account (Fabric),SampleGen
7b8f4586-9a34-4e1f-885f-908b4654598e,ACC-Fabric-1287,CID-288,Receivable,Active,2025-01-01,,0.0,USD,Customer receivable account (Fabric),SampleGen
bfcf6dd5-125d-45db-94ed-63e6017cd128,ACC-Fabric-1288,CID-289,Receivable,Active,2025-01-01,,0.0,USD,Customer receivable account (Fabric),SampleGen
5f6cd25d-29e9-412d-a3b6-1f1cae2ac832,ACC-Fabric-1289,CID-290,Receivable,Active,2025-01-01,,0.0,USD,Customer receivable account (Fabric),SampleGen
95a0bc30-83f7-4a3b-807a-60f7dd99b9c1,ACC-Fabric-1290,CID-291,Receivable,Active,2025-01-01,,0.0,USD,Customer receivable account (Fabric),SampleGen
ad6b3d16-5ce5-4c5c-94ab-703a3177bdc7,ACC-Fabric-1291,CID-292,Receivable,Active,2025-01-01,,0.0,USD,Customer receivable account (Fabric),SampleGen
09ab1f93-b35f-4508-9f40-57f4ddfb7e1d,ACC-Fabric-1292,CID-293,Receivable,Active,2025-01-01,,0.0,USD,Customer receivable account (Fabric),SampleGen
0e41058d-3408-40cf-bb1b-1d406330359f,ACC-Fabric-1293,CID-294,Receivable,Active,2025-01-01,,0.0,USD,Customer receivable account (Fabric),SampleGen
8a38518a-858f-4b52-ad78-f392f6fd6d08,ACC-Fabric-1294,CID-295,Receivable,Active,2025-01-01,,0.0,USD,Customer receivable account (Fabric),SampleGen
652bb599-d872-43be-83d6-fff64fd9e0c3,ACC-Fabric-1295,CID-296,Receivable,Active,2025-01-01,,0.0,USD,Customer receivable account (Fabric),SampleGen
6e1ff345-b2a2-4fd0-b830-a230daa8fa8d,ACC-Fabric-1296,CID-297,Receivable,Active,2025-01-01,,0.0,USD,Customer receivable account (Fabric),SampleGen
4661753c-2161-4c94-b79a-aa7860b77b45,ACC-Fabric-1297,CID-298,Receivable,Active,2025-01-01,,0.0,USD,Customer receivable account (Fabric),SampleGen
2a6b74cf-994c-4830-bd80-ee8cb05bf0ec,ACC-Fabric-1298,CID-299,Receivable,Active,2025-01-01,,0.0,USD,Customer receivable account (Fabric),SampleGen
6d2a62ad-a226-45e7-9dbf-fb2cb0b8077a,ACC-Fabric-1299,CID-300,Receivable,Active,2025-01-01,,0.0,USD,Customer receivable account (Fabric),SampleGen
866ec7ff-3312-4982-9539-fd0690e26da1,ACC-Fabric-1300,CID-301,Receivable,Active,2025-01-01,,0.0,USD,Customer receivable account (Fabric),SampleGen
558571fa-c959-44f6-a65c-2b5cac4cfaa8,ACC-Fabric-1301,CID-302,Receivable,Active,2025-01-01,,0.0,USD,Customer receivable account (Fabric),SampleGen
3a538eca-db3d-4ae8-9862-3cdbfd0028d8,ACC-Fabric-1302,CID-303,Receivable,Active,2025-01-01,,0.0,USD,Customer receivable account (Fabric),SampleGen
37517493-cf4f-490b-87fd-cda2479d7f7c,ACC-Fabric-1303,CID-304,Receivable,Active,2025-01-01,,0.0,USD,Customer receivable account (Fabric),SampleGen
0fa02d10-c2da-4b69-9633-ec5489086c8f,ACC-Fabric-1304,CID-305,Receivable,Active,2025-01-01,,0.0,USD,Customer receivable account (Fabric),SampleGen
183f77cf-9478-4f9c-b691-685dba69fb54,ACC-Fabric-1305,CID-306,Receivable,Active,2025-01-01,,0.0,USD,Customer receivable account (Fabric),SampleGen
d48a00f6-15e9-423e-b3c0-d1b60019e702,ACC-Fabric-1306,CID-307,Receivable,Active,2025-01-01,,0.0,USD,Customer receivable account (Fabric),SampleGen
1d0f5808-da24-46d8-b855-4b8b8ef54d6f,ACC-Fabric-1307,CID-308,Receivable,Active,2025-01-01,,0.0,USD,Customer receivable account (Fabric),SampleGen
0e96ee3f-fb5f-4e9a-8d83-e107b791a0bf,ACC-Fabric-1308,CID-309,Receivable,Active,2025-01-01,,0.0,USD,Customer receivable account (Fabric),SampleGen
6039f5ff-614e-4f57-b0df-c0ec71392e0b,ACC-Fabric-1309,CID-310,Receivable,Active,2025-01-01,,0.0,USD,Customer receivable account (Fabric),SampleGen
42cd4ec6-2266-4dd4-88d9-76b4fd7351f2,ACC-Fabric-1310,CID-311,Receivable,Active,2025-01-01,,0.0,USD,Customer receivable account (Fabric),SampleGen
9fc375c8-d27c-4ce5-a689-96b50bdc8556,ACC-Fabric-1311,CID-312,Receivable,Active,2025-01-01,,0.0,USD,Customer receivable account (Fabric),SampleGen
6592afae-3dc0-4499-9d7e-0dd5fe9e65a4,ACC-Fabric-1312,CID-313,Receivable,Active,2025-01-01,,0.0,USD,Customer receivable account (Fabric),SampleGen
d83e3b79-af94-4d09-b54a-8ebfc2ec5fe4,ACC-Fabric-1313,CID-314,Receivable,Active,2025-01-01,,0.0,USD,Customer receivable account (Fabric),SampleGen
c58b1d0a-c80a-4c78-a45a-c3d522d7b9eb,ACC-Fabric-1314,CID-315,Receivable,Active,2025-01-01,,0.0,USD,Customer receivable account (Fabric),SampleGen
cdacc0c1-9f90-4309-ba0c-5247d1909024,ACC-Fabric-1315,CID-316,Receivable,Active,2025-01-01,,0.0,USD,Customer receivable account (Fabric),SampleGen
8c2aa525-9a23-4a58-af8b-fe1046ce068a,ACC-Fabric-1316,CID-317,Receivable,Active,2025-01-01,,0.0,USD,Customer receivable account (Fabric),SampleGen
a99c8f68-f972-45bb-b803-456aa8404851,ACC-Fabric-1317,CID-318,Receivable,Active,2025-01-01,,0.0,USD,Customer receivable account (Fabric),SampleGen
3272b422-87a9-433d-aaa9-baa2ce5c0dd7,ACC-Fabric-1318,CID-319,Receivable,Active,2025-01-01,,0.0,USD,Customer receivable account (Fabric),SampleGen
d48f578f-35fb-4a8b-a87e-eace88711013,ACC-Fabric-1319,CID-320,Receivable,Active,2025-01-01,,0.0,USD,Customer receivable account (Fabric),SampleGen
8b9c8ade-b3e6-4fe0-8b38-ee6026cb060d,ACC-Fabric-1320,CID-321,Receivable,Active,2025-01-01,,0.0,USD,Customer receivable account (Fabric),SampleGen
916ff420-b82a-4194-b31d-f82a8ea5827d,ACC-Fabric-1321,CID-322,Receivable,Active,2025-01-01,,0.0,USD,Customer receivable account (Fabric),SampleGen
c8a411ab-1d93-44ca-9175-57f381b07cc5,ACC-Fabric-1322,CID-323,Receivable,Active,2025-01-01,,0.0,USD,Customer receivable account (Fabric),SampleGen
6022207b-0287-4908-be66-f4548b0e9223,ACC-Fabric-1323,CID-324,Receivable,Active,2025-01-01,,0.0,USD,Customer receivable account (Fabric),SampleGen
92fff35a-cd05-4adb-944c-7c94de10a0c9,ACC-Fabric-1324,CID-325,Receivable,Active,2025-01-01,,0.0,USD,Customer receivable account (Fabric),SampleGen
f36819c6-d5d0-4fdd-8915-c495f7011f44,ACC-Fabric-1325,CID-326,Receivable,Active,2025-01-01,,0.0,USD,Customer receivable account (Fabric),SampleGen
9f6e9a13-f53b-4b5c-bf80-4a9476b52b5d,ACC-Fabric-1326,CID-327,Receivable,Active,2025-01-01,,0.0,USD,Customer receivable account (Fabric),SampleGen
7fdc2f1a-3239-4868-bc4a-bc965c10e7b6,ACC-Fabric-1327,CID-328,Receivable,Active,2025-01-01,,0.0,USD,Customer receivable account (Fabric),SampleGen
2a6cc55d-a359-44e3-b500-e67373b0a510,ACC-Fabric-1328,CID-329,Receivable,Active,2025-01-01,,0.0,USD,Customer receivable account (Fabric),SampleGen
cb426595-f547-4873-845c-7714c20a8588,ACC-Fabric-1329,CID-330,Receivable,Active,2025-01-01,,0.0,USD,Customer receivable account (Fabric),SampleGen
925a75a2-84e4-40d5-9473-14c9ad78fa9f,ACC-Fabric-1330,CID-331,Receivable,Active,2025-01-01,,0.0,USD,Customer receivable account (Fabric),SampleGen
2eb8b180-542d-4aee-80e2-83101759b520,ACC-Fabric-1331,CID-332,Receivable,Active,2025-01-01,,0.0,USD,Customer receivable account (Fabric),SampleGen
a5833ac0-c7a5-4656-8ce8-9cbdd48a9dde,ACC-Fabric-1332,CID-333,Receivable,Active,2025-01-01,,0.0,USD,Customer receivable account (Fabric),SampleGen
10a91143-4b0d-43cb-b45a-a0ab665523ca,ACC-Fabric-1333,CID-334,Receivable,Active,2025-01-01,,0.0,USD,Customer receivable account (Fabric),SampleGen
b45bf206-3b72-4eaa-935c-6e3aa034f363,ACC-Fabric-1334,CID-335,Receivable,Active,2025-01-01,,0.0,USD,Customer receivable account (Fabric),SampleGen
1984e4f7-5f47-47ca-a49f-db5b458a7837,ACC-Fabric-1335,CID-336,Receivable,Active,2025-01-01,,0.0,USD,Customer receivable account (Fabric),SampleGen
cf931844-fd53-432a-ac94-2cbc97be9505,ACC-Fabric-1336,CID-337,Receivable,Active,2025-01-01,,0.0,USD,Customer receivable account (Fabric),SampleGen
aa708d41-e19d-4aca-b7d1-8d07a52af344,ACC-Fabric-1337,CID-338,Receivable,Active,2025-01-01,,0.0,USD,Customer receivable account (Fabric),SampleGen
80adcacd-06ff-4064-bb7b-d7a2feb64367,ACC-Fabric-1338,CID-339,Receivable,Active,2025-01-01,,0.0,USD,Customer receivable account (Fabric),SampleGen
07070253-2d08-4800-8214-dd9b0b474c38,ACC-Fabric-1339,CID-340,Receivable,Active,2025-01-01,,0.0,USD,Customer receivable account (Fabric),SampleGen
d863edaf-991e-4d9b-9f4b-dcce1a01b005,ACC-Fabric-1340,CID-341,Receivable,Active,2025-01-01,,0.0,USD,Customer receivable account (Fabric),SampleGen
59530779-3974-4c09-b5a2-3b14ab731537,ACC-Fabric-1341,CID-342,Receivable,Active,2025-01-01,,0.0,USD,Customer receivable account (Fabric),SampleGen
08b02448-8b0e-4cd7-bb96-8b4552377c9e,ACC-Fabric-1342,CID-343,Receivable,Active,2025-01-01,,0.0,USD,Customer receivable account (Fabric),SampleGen
3e72fa81-b82a-43ad-9c76-01dbecbb4dd9,ACC-Fabric-1343,CID-344,Receivable,Active,2025-01-01,,0.0,USD,Customer receivable account (Fabric),SampleGen
d265172a-2baa-4872-ad79-fef2458f0a33,ACC-Fabric-1344,CID-345,Receivable,Active,2025-01-01,,0.0,USD,Customer receivable account (Fabric),SampleGen
f87ad175-53aa-43f0-acfb-35eb4baae8ad,ACC-Fabric-1345,CID-346,Receivable,Active,2025-01-01,,0.0,USD,Customer receivable account (Fabric),SampleGen
a5d7ffe6-7110-475b-978a-ce0f62974bc4,ACC-Fabric-1346,CID-347,Receivable,Active,2025-01-01,,0.0,USD,Customer receivable account (Fabric),SampleGen
959d39fc-0ecc-4e28-a26c-4855525467f1,ACC-Fabric-1347,CID-348,Receivable,Active,2025-01-01,,0.0,USD,Customer receivable account (Fabric),SampleGen
ff2450d2-ed20-4352-9005-98584ccf0852,ACC-Fabric-1348,CID-349,Receivable,Active,2025-01-01,,0.0,USD,Customer receivable account (Fabric),SampleGen
93e9a003-9e3e-4d30-8a05-d1fc57f5e31d,ACC-Fabric-1349,CID-350,Receivable,Active,2025-01-01,,0.0,USD,Customer receivable account (Fabric),SampleGen
b21e2253-64f9-4428-a951-b1a7f2eb7b50,ACC-Fabric-1350,CID-351,Receivable,Active,2025-01-01,,0.0,USD,Customer receivable account (Fabric),SampleGen
ce38a6a0-d0de-428b-a353-815ad9e7d121,ACC-Fabric-1351,CID-352,Receivable,Active,2025-01-01,,0.0,USD,Customer receivable account (Fabric),SampleGen
854413c6-1bce-4343-9a85-f1e3e96107b0,ACC-Fabric-1352,CID-353,Receivable,Active,2025-01-01,,0.0,USD,Customer receivable account (Fabric),SampleGen
b8b331c4-6d3c-4496-9101-e0908aa92891,ACC-Fabric-1353,CID-354,Receivable,Active,2025-01-01,,0.0,USD,Customer receivable account (Fabric),SampleGen
a462ad5d-7fdf-4eb6-9a25-ce1ecea38e13,ACC-Fabric-1354,CID-355,Receivable,Active,2025-01-01,,0.0,USD,Customer receivable account (Fabric),SampleGen
35cf713b-169f-4f03-84ae-b5ef14b816b4,ACC-Fabric-1355,CID-356,Receivable,Active,2025-01-01,,0.0,USD,Customer receivable account (Fabric),SampleGen
6dff5196-1baa-48e4-afda-0eed5a3ff442,ACC-Fabric-1356,CID-357,Receivable,Active,2025-01-01,,0.0,USD,Customer receivable account (Fabric),SampleGen
4ac1ebb7-6f7f-496a-9e33-04008cefe6a8,ACC-Fabric-1357,CID-358,Receivable,Active,2025-01-01,,0.0,USD,Customer receivable account (Fabric),SampleGen
c42eee43-b429-46d7-91fa-0a50ce2863f9,ACC-Fabric-1358,CID-359,Receivable,Active,2025-01-01,,0.0,USD,Customer receivable account (Fabric),SampleGen
88b02b88-1083-485b-a712-0e154fe13c24,ACC-Fabric-1359,CID-360,Receivable,Active,2025-01-01,,0.0,USD,Customer receivable account (Fabric),SampleGen
fe58488c-0280-40b5-8813-77efb4ec2f94,ACC-Fabric-1360,CID-361,Receivable,Active,2025-01-01,,0.0,USD,Customer receivable account (Fabric),SampleGen
d5896a1b-5ea0-4309-8e29-d2521ca6abd5,ACC-Fabric-1361,CID-362,Receivable,Active,2025-01-01,,0.0,USD,Customer receivable account (Fabric),SampleGen
60a6bf79-b6f9-4703-bf8f-6f03495aee3a,ACC-Fabric-1362,CID-363,Receivable,Active,2025-01-01,,0.0,USD,Customer receivable account (Fabric),SampleGen
fc069e60-c5d9-411e-a430-582758fb4e55,ACC-Fabric-1363,CID-364,Receivable,Active,2025-01-01,,0.0,USD,Customer receivable account (Fabric),SampleGen
f0ef3b9b-0511-42eb-a8dd-458be154a436,ACC-Fabric-1364,CID-365,Receivable,Active,2025-01-01,,0.0,USD,Customer receivable account (Fabric),SampleGen
cc4ae2b6-bea1-4ea5-b6c5-fb60c79c23e4,ACC-Fabric-1365,CID-366,Receivable,Active,2025-01-01,,0.0,USD,Customer receivable account (Fabric),SampleGen
fa45a4c6-7c9d-4224-a533-c550216aa748,ACC-Fabric-1366,CID-367,Receivable,Active,2025-01-01,,0.0,USD,Customer receivable account (Fabric),SampleGen
5997b2e9-c238-4262-85f0-a662aed35e7b,ACC-Fabric-1367,CID-368,Receivable,Active,2025-01-01,,0.0,USD,Customer receivable account (Fabric),SampleGen
7af01b00-d8e8-4701-8eab-4f9b092f9a79,ACC-Fabric-1368,CID-369,Receivable,Active,2025-01-01,,0.0,USD,Customer receivable account (Fabric),SampleGen
cf06dc8a-f88f-46b3-b031-b7927cf6d228,ACC-Fabric-1369,CID-370,Receivable,Active,2025-01-01,,0.0,USD,Customer receivable account (Fabric),SampleGen
9bb169df-05c7-4d22-ae3c-30e5b291fc68,ACC-Fabric-1370,CID-371,Receivable,Active,2025-01-01,,0.0,USD,Customer receivable account (Fabric),SampleGen
f037fd6d-54bf-4b4e-858c-207686a2ab53,ACC-Fabric-1371,CID-372,Receivable,Active,2025-01-01,,0.0,USD,Customer receivable account (Fabric),SampleGen
b84afc99-72e7-483e-8bec-6f37da9d4c91,ACC-Fabric-1372,CID-373,Receivable,Active,2025-01-01,,0.0,USD,Customer receivable account (Fabric),SampleGen
b39ba511-377b-45f4-bf78-e5ed316154b4,ACC-Fabric-1373,CID-374,Receivable,Active,2025-01-01,,0.0,USD,Customer receivable account (Fabric),SampleGen
f94e1b01-4854-4071-882e-756c248518ec,ACC-Fabric-1374,CID-375,Receivable,Active,2025-01-01,,0.0,USD,Customer receivable account (Fabric),SampleGen
1addc0ab-129d-4523-b750-4d34136b98d5,ACC-Fabric-1375,CID-376,Receivable,Active,2025-01-01,,0.0,USD,Customer receivable account (Fabric),SampleGen
4d14d1f7-0590-4f62-ac18-c21eb795a748,ACC-Fabric-1376,CID-377,Receivable,Active,2025-01-01,,0.0,USD,Customer receivable account (Fabric),SampleGen
15f29187-9c5f-4209-a2c0-797e62e281b9,ACC-Fabric-1377,CID-378,Receivable,Active,2025-01-01,,0.0,USD,Customer receivable account (Fabric),SampleGen
5e44c5cd-9e69-4fb2-8d95-fafa4d4da310,ACC-Fabric-1378,CID-379,Receivable,Active,2025-01-01,,0.0,USD,Customer receivable account (Fabric),SampleGen
3cc4feb7-e4ac-4e95-82c3-f1dcef5ead64,ACC-Fabric-1379,CID-380,Receivable,Active,2025-01-01,,0.0,USD,Customer receivable account (Fabric),SampleGen
a153d18b-78d2-49a5-bfb0-357dfa92a592,ACC-Fabric-1380,CID-381,Receivable,Active,2025-01-01,,0.0,USD,Customer receivable account (Fabric),SampleGen
a239757b-45c4-451e-9d44-a5498f671863,ACC-Fabric-1381,CID-382,Receivable,Active,2025-01-01,,0.0,USD,Customer receivable account (Fabric),SampleGen
aeec40d0-e0b2-4fda-ab16-ddac73c28d7b,ACC-Fabric-1382,CID-383,Receivable,Active,2025-01-01,,0.0,USD,Customer receivable account (Fabric),SampleGen
0ab058f1-81f0-4201-af8f-9c04a8c7c55c,ACC-Fabric-1383,CID-384,Receivable,Active,2025-01-01,,0.0,USD,Customer receivable account (Fabric),SampleGen
b8314f55-9dec-4e78-927e-74610d9cb0bf,ACC-Fabric-1384,CID-385,Receivable,Active,2025-01-01,,0.0,USD,Customer receivable account (Fabric),SampleGen
b5a563ee-a106-4637-b692-2615a36a371d,ACC-Fabric-1385,CID-386,Receivable,Active,2025-01-01,,0.0,USD,Customer receivable account (Fabric),SampleGen
8e9b6429-f1fa-4f1d-8ec3-c940ff34a93c,ACC-Fabric-1386,CID-387,Receivable,Active,2025-01-01,,0.0,USD,Customer receivable account (Fabric),SampleGen
a47edb3e-c67b-4c9d-9612-6d18b5759c7c,ACC-Fabric-1387,CID-388,Receivable,Active,2025-01-01,,0.0,USD,Customer receivable account (Fabric),SampleGen
77dbcf34-a64b-4610-ab01-bc3595d4c347,ACC-Fabric-1388,CID-389,Receivable,Active,2025-01-01,,0.0,USD,Customer receivable account (Fabric),SampleGen
8ec8f78a-5bd0-426c-b17d-08e24f30ca1e,ACC-Fabric-1389,CID-390,Receivable,Active,2025-01-01,,0.0,USD,Customer receivable account (Fabric),SampleGen
759fb214-131e-447b-8739-0e1e0b5ff435,ACC-Fabric-1390,CID-391,Receivable,Active,2025-01-01,,0.0,USD,Customer receivable account (Fabric),SampleGen
580b0cf7-6ae4-494c-886e-a756c64342ad,ACC-Fabric-1391,CID-392,Receivable,Active,2025-01-01,,0.0,USD,Customer receivable account (Fabric),SampleGen
d307c578-d07b-4c57-8ac5-16cddd624bc5,ACC-Fabric-1392,CID-393,Receivable,Active,2025-01-01,,0.0,USD,Customer receivable account (Fabric),SampleGen
4d66f91a-57aa-4250-a5b8-d69ff78914f1,ACC-Fabric-1393,CID-394,Receivable,Active,2025-01-01,,0.0,USD,Customer receivable account (Fabric),SampleGen
0c3f56fc-ccf3-48e5-aa11-7c36ef925827,ACC-Fabric-1394,CID-395,Receivable,Active,2025-01-01,,0.0,USD,Customer receivable account (Fabric),SampleGen
b6e3c924-78df-462d-a1f6-0bc850700322,ACC-Fabric-1395,CID-396,Receivable,Active,2025-01-01,,0.0,USD,Customer receivable account (Fabric),SampleGen
8d7bdaf3-6582-412c-abc6-bf79b120e5c3,ACC-Fabric-1396,CID-397,Receivable,Active,2025-01-01,,0.0,USD,Customer receivable account (Fabric),SampleGen
01f30d22-9b76-4a34-8b2d-91c0ba87cf76,ACC-Fabric-1397,CID-398,Receivable,Active,2025-01-01,,0.0,USD,Customer receivable account (Fabric),SampleGen
dde07fc9-12ca-4101-aeff-afb8a5729475,ACC-Fabric-1398,CID-399,Receivable,Active,2025-01-01,,0.0,USD,Customer receivable account (Fabric),SampleGen
1d8e76dc-005e-4dea-af94-abf3442e10c8,ACC-Fabric-1399,CID-400,Receivable,Active,2025-01-01,,0.0,USD,Customer receivable account (Fabric),SampleGen
c2e2c40c-a5e8-4742-abc5-b284f897a4f9,ACC-Fabric-1400,CID-401,Receivable,Active,2025-01-01,,0.0,USD,Customer receivable account (Fabric),SampleGen
e0983f9d-f23c-4ce6-bd7b-06b24689292a,ACC-Fabric-1401,CID-402,Receivable,Active,2025-01-01,,0.0,USD,Customer receivable account (Fabric),SampleGen
ec2f3545-bf2e-4447-b90a-f7a87d647a6b,ACC-Fabric-1402,CID-403,Receivable,Active,2025-01-01,,0.0,USD,Customer receivable account (Fabric),SampleGen
fddb5560-ef7b-4ee8-b2b8-95e8ad5b2e52,ACC-Fabric-1403,CID-404,Receivable,Active,2025-01-01,,0.0,USD,Customer receivable account (Fabric),SampleGen
23407e1b-a7d7-467c-93ce-42adf1ecebf9,ACC-Fabric-1404,CID-405,Receivable,Active,2025-01-01,,0.0,USD,Customer receivable account (Fabric),SampleGen
4088ce43-e721-4f91-bfec-47a6023c0fec,ACC-Fabric-1405,CID-406,Receivable,Active,2025-01-01,,0.0,USD,Customer receivable account (Fabric),SampleGen
aae6547a-607e-4323-ad47-c9e61b45547c,ACC-Fabric-1406,CID-407,Receivable,Active,2025-01-01,,0.0,USD,Customer receivable account (Fabric),SampleGen
2d73e313-ca43-4801-8990-aa3f35605faa,ACC-Fabric-1407,CID-408,Receivable,Active,2025-01-01,,0.0,USD,Customer receivable account (Fabric),SampleGen
6ec6ba20-a788-4ff7-8ec3-5eeadf6e85f5,ACC-Fabric-1408,CID-409,Receivable,Active,2025-01-01,,0.0,USD,Customer receivable account (Fabric),SampleGen
f11fef73-8086-4f6f-82c3-0ee4911339a6,ACC-Fabric-1409,CID-410,Receivable,Active,2025-01-01,,0.0,USD,Customer receivable account (Fabric),SampleGen
619af46c-7b73-4318-9844-fe2887531873,ACC-Fabric-1410,CID-411,Receivable,Active,2025-01-01,,0.0,USD,Customer receivable account (Fabric),SampleGen
67c2f4d6-a5fc-41f2-8c02-b22bd35c3754,ACC-Fabric-1411,CID-412,Receivable,Active,2025-01-01,,0.0,USD,Customer receivable account (Fabric),SampleGen
ecf640a7-d862-4986-80f9-f0d64079a4d4,ACC-Fabric-1412,CID-413,Receivable,Active,2025-01-01,,0.0,USD,Customer receivable account (Fabric),SampleGen
247b9b03-bf36-48c4-8a0b-df37073fcd94,ACC-Fabric-1413,CID-414,Receivable,Active,2025-01-01,,0.0,USD,Customer receivable account (Fabric),SampleGen
be07177f-eb88-4d20-943b-6292948e1cdd,ACC-Fabric-1414,CID-415,Receivable,Active,2025-01-01,,0.0,USD,Customer receivable account (Fabric),SampleGen
02dbf5ab-b18b-4c18-8cf3-bc2f7ec9c04f,ACC-Fabric-1415,CID-416,Receivable,Active,2025-01-01,,0.0,USD,Customer receivable account (Fabric),SampleGen
0fe5d6ea-6d06-4bd3-ba8e-492f65abf4ee,ACC-Fabric-1416,CID-417,Receivable,Active,2025-01-01,,0.0,USD,Customer receivable account (Fabric),SampleGen
2b17f10d-370b-4d8b-9337-57944860bb4b,ACC-Fabric-1417,CID-418,Receivable,Active,2025-01-01,,0.0,USD,Customer receivable account (Fabric),SampleGen
223e2d28-ed5e-4804-a207-7e65b2e56bdd,ACC-Fabric-1418,CID-419,Receivable,Active,2025-01-01,,0.0,USD,Customer receivable account (Fabric),SampleGen
cd6813df-80b0-423f-b26b-598cacbb86cc,ACC-Fabric-1419,CID-420,Receivable,Active,2025-01-01,,0.0,USD,Customer receivable account (Fabric),SampleGen
4e77be6f-634a-407d-a7e8-60bd2c893e3e,ACC-Fabric-1420,CID-421,Receivable,Active,2025-01-01,,0.0,USD,Customer receivable account (Fabric),SampleGen
32d8d139-375b-4dcc-b121-9795241b5953,ACC-Fabric-1421,CID-422,Receivable,Active,2025-01-01,,0.0,USD,Customer receivable account (Fabric),SampleGen
a2056a4c-8a2c-4bdd-836a-bc7589d5ec0f,ACC-Fabric-1422,CID-423,Receivable,Active,2025-01-01,,0.0,USD,Customer receivable account (Fabric),SampleGen
c5284ab5-8212-48ff-ad8e-67710d1ec00c,ACC-Fabric-1423,CID-424,Receivable,Active,2025-01-01,,0.0,USD,Customer receivable account (Fabric),SampleGen
d887e10f-7b10-4714-b113-4019c7848222,ACC-Fabric-1424,CID-425,Receivable,Active,2025-01-01,,0.0,USD,Customer receivable account (Fabric),SampleGen
3582fd03-99f2-4ab3-82c9-de88ac041de8,ACC-Fabric-1425,CID-426,Receivable,Active,2025-01-01,,0.0,USD,Customer receivable account (Fabric),SampleGen
4c065391-86be-47d6-9150-40c79d15a9c1,ACC-Fabric-1426,CID-427,Receivable,Active,2025-01-01,,0.0,USD,Customer receivable account (Fabric),SampleGen
834eebf9-ee67-4458-854d-f4a37e401789,ACC-Fabric-1427,CID-428,Receivable,Active,2025-01-01,,0.0,USD,Customer receivable account (Fabric),SampleGen
6cc9c893-11f4-47c9-9335-e95e0ad00f75,ACC-Fabric-1428,CID-429,Receivable,Active,2025-01-01,,0.0,USD,Customer receivable account (Fabric),SampleGen
772d8385-3549-4a4f-ad0a-691e62442dc1,ACC-Fabric-1429,CID-430,Receivable,Active,2025-01-01,,0.0,USD,Customer receivable account (Fabric),SampleGen
24f5d501-839e-4645-991d-76dbb5bddd6c,ACC-Fabric-1430,CID-431,Receivable,Active,2025-01-01,,0.0,USD,Customer receivable account (Fabric),SampleGen
df6ab5c4-9faa-4049-9fe3-d5034d940a97,ACC-Fabric-1431,CID-432,Receivable,Active,2025-01-01,,0.0,USD,Customer receivable account (Fabric),SampleGen
79b53470-c0e8-4949-a3b0-fbce1c78eed6,ACC-Fabric-1432,CID-433,Receivable,Active,2025-01-01,,0.0,USD,Customer receivable account (Fabric),SampleGen
71cdec2a-cc01-476e-9f74-08a910234589,ACC-Fabric-1433,CID-434,Receivable,Active,2025-01-01,,0.0,USD,Customer receivable account (Fabric),SampleGen
9b5daf21-c496-4f0a-aa20-532b4a33dbd5,ACC-Fabric-1434,CID-435,Receivable,Active,2025-01-01,,0.0,USD,Customer receivable account (Fabric),SampleGen
0386515e-9932-4740-a426-2477e670102b,ACC-Fabric-1435,CID-436,Receivable,Active,2025-01-01,,0.0,USD,Customer receivable account (Fabric),SampleGen
fb5d5ffe-753e-4c61-ae09-054698576631,ACC-Fabric-1436,CID-437,Receivable,Active,2025-01-01,,0.0,USD,Customer receivable account (Fabric),SampleGen
9038dcea-b4e7-407b-8c32-b2b72d31bbbc,ACC-Fabric-1437,CID-438,Receivable,Active,2025-01-01,,0.0,USD,Customer receivable account (Fabric),SampleGen
2d9bc7b6-4883-4a18-894e-45e45833c776,ACC-Fabric-1438,CID-439,Receivable,Active,2025-01-01,,0.0,USD,Customer receivable account (Fabric),SampleGen
5e4734c4-940c-4a3f-b871-8d703fc337fc,ACC-Fabric-1439,CID-440,Receivable,Active,2025-01-01,,0.0,USD,Customer receivable account (Fabric),SampleGen
2a76e954-49fc-44ad-948e-30d3eb011263,ACC-Fabric-1440,CID-441,Receivable,Active,2025-01-01,,0.0,USD,Customer receivable account (Fabric),SampleGen
62ad3da0-35b1-4de9-b8df-57e043335314,ACC-Fabric-1441,CID-442,Receivable,Active,2025-01-01,,0.0,USD,Customer receivable account (Fabric),SampleGen
8ed8dab2-237f-43e0-8b5e-b51808ff2b7f,ACC-Fabric-1442,CID-443,Receivable,Active,2025-01-01,,0.0,USD,Customer receivable account (Fabric),SampleGen
de499c29-4fb7-48df-bbef-9d30baca0740,ACC-Fabric-1443,CID-444,Receivable,Active,2025-01-01,,0.0,USD,Customer receivable account (Fabric),SampleGen
c9c4b07f-3db4-41f0-b386-2be36be497ab,ACC-Fabric-1444,CID-445,Receivable,Active,2025-01-01,,0.0,USD,Customer receivable account (Fabric),SampleGen
7605a708-c406-4a5c-8716-abaa59434f4d,ACC-Fabric-1445,CID-446,Receivable,Active,2025-01-01,,0.0,USD,Customer receivable account (Fabric),SampleGen
743c3112-3aa8-4f1e-8f12-3709d1bf39e2,ACC-Fabric-1446,CID-447,Receivable,Active,2025-01-01,,0.0,USD,Customer receivable account (Fabric),SampleGen
ce8698ab-5de3-4ff9-8138-9d5dbc5228ef,ACC-Fabric-1447,CID-448,Receivable,Active,2025-01-01,,0.0,USD,Customer receivable account (Fabric),SampleGen
6296544f-b4a9-4075-93cb-bb53fe4a8ca6,ACC-Fabric-1448,CID-449,Receivable,Active,2025-01-01,,0.0,USD,Customer receivable account (Fabric),SampleGen
037da72e-5503-4019-a3dc-4301a3faacef,ACC-Fabric-1449,CID-450,Receivable,Active,2025-01-01,,0.0,USD,Customer receivable account (Fabric),SampleGen
5de1f9e6-81c7-4aa7-8d47-e10276acf1e4,ACC-Fabric-1450,CID-451,Receivable,Active,2025-01-01,,0.0,USD,Customer receivable account (Fabric),SampleGen
ce9e3a39-2536-45c3-889a-53d728f98ac4,ACC-Fabric-1451,CID-452,Receivable,Active,2025-01-01,,0.0,USD,Customer receivable account (Fabric),SampleGen
46cad72f-39ee-4852-81ea-74ad2a8a69a0,ACC-Fabric-1452,CID-453,Receivable,Active,2025-01-01,,0.0,USD,Customer receivable account (Fabric),SampleGen
2f11a9ed-c76b-44ee-8ed8-277cd1f70927,ACC-Fabric-1453,CID-454,Receivable,Active,2025-01-01,,0.0,USD,Customer receivable account (Fabric),SampleGen
a6ce106f-39f4-4f5d-8d2d-441e383d1615,ACC-Fabric-1454,CID-455,Receivable,Active,2025-01-01,,0.0,USD,Customer receivable account (Fabric),SampleGen
aff6c68c-25c9-401b-82ae-9a1b1ca49d4f,ACC-Fabric-1455,CID-456,Receivable,Active,2025-01-01,,0.0,USD,Customer receivable account (Fabric),SampleGen
ff82fcd2-33f4-4192-8688-774b6098b538,ACC-Fabric-1456,CID-457,Receivable,Active,2025-01-01,,0.0,USD,Customer receivable account (Fabric),SampleGen
787c3faf-0c3e-4082-be75-eaee6120c562,ACC-Fabric-1457,CID-458,Receivable,Active,2025-01-01,,0.0,USD,Customer receivable account (Fabric),SampleGen
c933f310-b57d-410c-a2e5-50c0cb8927b8,ACC-Fabric-1458,CID-459,Receivable,Active,2025-01-01,,0.0,USD,Customer receivable account (Fabric),SampleGen
4890c2c4-b3d8-41ae-9d7a-a2a6761b3501,ACC-Fabric-1459,CID-460,Receivable,Active,2025-01-01,,0.0,USD,Customer receivable account (Fabric),SampleGen
faf901ec-dae7-40cd-8f28-c5ccf4a3791c,ACC-Fabric-1460,CID-461,Receivable,Active,2025-01-01,,0.0,USD,Customer receivable account (Fabric),SampleGen
ecbc8e51-365f-4c45-95f6-a8eb5da8d139,ACC-Fabric-1461,CID-462,Receivable,Active,2025-01-01,,0.0,USD,Customer receivable account (Fabric),SampleGen
3d083c9b-f95f-41bc-9a4d-6c21265c2788,ACC-Fabric-1462,CID-463,Receivable,Active,2025-01-01,,0.0,USD,Customer receivable account (Fabric),SampleGen
1bc97798-e2fa-4de1-a24d-dccd3aa5eb32,ACC-Fabric-1463,CID-464,Receivable,Active,2025-01-01,,0.0,USD,Customer receivable account (Fabric),SampleGen
a13f343b-dec4-4a72-92f0-ff16d71b81fa,ACC-Fabric-1464,CID-465,Receivable,Active,2025-01-01,,0.0,USD,Customer receivable account (Fabric),SampleGen
0474b473-7bd9-4dfe-80cf-e611a0a7369f,ACC-Fabric-1465,CID-466,Receivable,Active,2025-01-01,,0.0,USD,Customer receivable account (Fabric),SampleGen
22fd43aa-281a-4065-b172-4a128b85bf21,ACC-Fabric-1466,CID-467,Receivable,Active,2025-01-01,,0.0,USD,Customer receivable account (Fabric),SampleGen
81c6b56d-c51d-436f-94a4-8be3af74c1a4,ACC-Fabric-1467,CID-468,Receivable,Active,2025-01-01,,0.0,USD,Customer receivable account (Fabric),SampleGen
f67ed634-2988-40d6-9191-f89e7aa63bd8,ACC-Fabric-1468,CID-469,Receivable,Active,2025-01-01,,0.0,USD,Customer receivable account (Fabric),SampleGen
3139b754-c752-451d-ba83-f93be046b295,ACC-Fabric-1469,CID-470,Receivable,Active,2025-01-01,,0.0,USD,Customer receivable account (Fabric),SampleGen
5058d24a-38d5-4d70-b7f8-693ba93fef3d,ACC-Fabric-1470,CID-471,Receivable,Active,2025-01-01,,0.0,USD,Customer receivable account (Fabric),SampleGen
4e81ce93-048b-405d-a057-cd9fe144ca28,ACC-Fabric-1471,CID-472,Receivable,Active,2025-01-01,,0.0,USD,Customer receivable account (Fabric),SampleGen
564f9cd4-5106-419c-a88b-7085217b73f6,ACC-Fabric-1472,CID-473,Receivable,Active,2025-01-01,,0.0,USD,Customer receivable account (Fabric),SampleGen
91b8ba39-b629-4a9f-bbdb-d04f19b4e42a,ACC-Fabric-1473,CID-474,Receivable,Active,2025-01-01,,0.0,USD,Customer receivable account (Fabric),SampleGen
b7d407ec-2f9c-44d8-8909-cbdaf829fbb6,ACC-Fabric-1474,CID-475,Receivable,Active,2025-01-01,,0.0,USD,Customer receivable account (Fabric),SampleGen
e927f024-da8a-4436-8879-4bcc494adfc3,ACC-Fabric-1475,CID-476,Receivable,Active,2025-01-01,,0.0,USD,Customer receivable account (Fabric),SampleGen
98cda14f-0084-4151-8980-2c1d729daed4,ACC-Fabric-1476,CID-477,Receivable,Active,2025-01-01,,0.0,USD,Customer receivable account (Fabric),SampleGen
b3037248-faf1-49b5-a5ee-5eebfdcaf696,ACC-Fabric-1477,CID-478,Receivable,Active,2025-01-01,,0.0,USD,Customer receivable account (Fabric),SampleGen
0ed52d70-2bcb-45fa-a55c-025d54a3d95b,ACC-Fabric-1478,CID-479,Receivable,Active,2025-01-01,,0.0,USD,Customer receivable account (Fabric),SampleGen
e654d9b1-f149-4d9a-9958-367a312d2d53,ACC-Fabric-1479,CID-480,Receivable,Active,2025-01-01,,0.0,USD,Customer receivable account (Fabric),SampleGen
833f51ca-1637-481c-9d26-7e2c437a9cef,ACC-Fabric-1480,CID-481,Receivable,Active,2025-01-01,,0.0,USD,Customer receivable account (Fabric),SampleGen
6b445af3-255e-4e89-86dd-2498859eb7b4,ACC-Fabric-1481,CID-482,Receivable,Active,2025-01-01,,0.0,USD,Customer receivable account (Fabric),SampleGen
a3a545c9-2046-463e-92cc-f4569bbdbe7b,ACC-Fabric-1482,CID-483,Receivable,Active,2025-01-01,,0.0,USD,Customer receivable account (Fabric),SampleGen
ddd5a899-a24f-42dc-8752-c38714be81f7,ACC-Fabric-1483,CID-484,Receivable,Active,2025-01-01,,0.0,USD,Customer receivable account (Fabric),SampleGen
8236edc1-ad4f-4af4-8a12-861888438582,ACC-Fabric-1484,CID-485,Receivable,Active,2025-01-01,,0.0,USD,Customer receivable account (Fabric),SampleGen
076959a7-de8d-41e4-b882-35b290128433,ACC-Fabric-1485,CID-486,Receivable,Active,2025-01-01,,0.0,USD,Customer receivable account (Fabric),SampleGen
c82e9681-75da-4278-92d0-c38d5729586e,ACC-Fabric-1486,CID-487,Receivable,Active,2025-01-01,,0.0,USD,Customer receivable account (Fabric),SampleGen
f0cf7f31-43ee-40a0-b6e9-dbcd52c5c315,ACC-Fabric-1487,CID-488,Receivable,Active,2025-01-01,,0.0,USD,Customer receivable account (Fabric),SampleGen
0fd2adf8-5c4c-49d9-9c61-d550494edeeb,ACC-Fabric-1488,CID-489,Receivable,Active,2025-01-01,,0.0,USD,Customer receivable account (Fabric),SampleGen
be1cb790-e59f-4fd9-ae25-a4f178dabd3f,ACC-Fabric-1489,CID-490,Receivable,Active,2025-01-01,,0.0,USD,Customer receivable account (Fabric),SampleGen
7e76a86f-9d5c-4fb8-b704-a6225422b894,ACC-Fabric-1490,CID-491,Receivable,Active,2025-01-01,,0.0,USD,Customer receivable account (Fabric),SampleGen
2458598b-64b6-4810-b108-ab18b7b690cc,ACC-Fabric-1491,CID-492,Receivable,Active,2025-01-01,,0.0,USD,Customer receivable account (Fabric),SampleGen
cba56465-6a62-4ed8-87d7-201d7175e069,ACC-Fabric-1492,CID-493,Receivable,Active,2025-01-01,,0.0,USD,Customer receivable account (Fabric),SampleGen
9e5477b9-1053-45a7-ae2c-d01824594bc6,ACC-Fabric-1493,CID-494,Receivable,Active,2025-01-01,,0.0,USD,Customer receivable account (Fabric),SampleGen
cdb9cd42-a48b-427b-a2b6-564086a156c9,ACC-Fabric-1494,CID-495,Receivable,Active,2025-01-01,,0.0,USD,Customer receivable account (Fabric),SampleGen
244751f3-a361-4c8d-bf84-69647c1765e7,ACC-Fabric-1495,CID-496,Receivable,Active,2025-01-01,,0.0,USD,Customer receivable account (Fabric),SampleGen
1ed01ffe-6a95-4e3f-a028-c2dddea86dee,ACC-Fabric-1496,CID-497,Receivable,Active,2025-01-01,,0.0,USD,Customer receivable account (Fabric),SampleGen
1e8c7ca2-5e80-4043-ad28-ce97b1643002,ACC-Fabric-1497,CID-498,Receivable,Active,2025-01-01,,0.0,USD,Customer receivable account (Fabric),SampleGen
53f835cd-3ffc-4fc9-bada-10313a0fbf04,ACC-Fabric-1498,CID-499,Receivable,Active,2025-01-01,,0.0,USD,Customer receivable account (Fabric),SampleGen
6235b30e-6b63-4f80-a8da-e3a7e92a3c08,ACC-Fabric-1499,CID-500,Receivable,Active,2025-01-01,,0.0,USD,Customer receivable account (Fabric),SampleGen
9afa780d-d044-4426-89fc-1795f55658f5,ACC-Fabric-1500,CID-501,Receivable,Active,2025-01-01,,0.0,USD,Customer receivable account (Fabric),SampleGen
54d3e920-e22a-48eb-8bef-f06fff4bdeba,ACC-Fabric-1501,CID-502,Receivable,Active,2025-01-01,,0.0,USD,Customer receivable account (Fabric),SampleGen
54685c7c-9e4e-4264-9037-788d748adccc,ACC-Fabric-1502,CID-503,Receivable,Active,2025-01-01,,0.0,USD,Customer receivable account (Fabric),SampleGen
0a09eb31-7c60-485c-8245-abc53bdb6e77,ACC-Fabric-1503,CID-504,Receivable,Active,2025-01-01,,0.0,USD,Customer receivable account (Fabric),SampleGen
8eb07c34-5b3e-4ac2-8f06-cd0a75037c4b,ACC-Fabric-1504,CID-505,Receivable,Active,2025-01-01,,0.0,USD,Customer receivable account (Fabric),SampleGen
09145966-fdfc-42af-b997-19cd3502c2d6,ACC-Fabric-1505,CID-506,Receivable,Active,2025-01-01,,0.0,USD,Customer receivable account (Fabric),SampleGen
699038c1-36c3-4138-aa64-c2a6db7f2aa2,ACC-Fabric-1506,CID-507,Receivable,Active,2025-01-01,,0.0,USD,Customer receivable account (Fabric),SampleGen
5dc586a4-67d2-4356-952d-a77b5a065e88,ACC-Fabric-1507,CID-508,Receivable,Active,2025-01-01,,0.0,USD,Customer receivable account (Fabric),SampleGen
673a8505-4a8b-4589-8258-5369941d6f74,ACC-Fabric-1508,CID-509,Receivable,Active,2025-01-01,,0.0,USD,Customer receivable account (Fabric),SampleGen
22b00001-36a3-4b56-b237-dd8fdb5a3880,ACC-Fabric-1509,CID-510,Receivable,Active,2025-01-01,,0.0,USD,Customer receivable account (Fabric),SampleGen
f245d1c4-08cc-4314-b18b-49e5ec04f010,ACC-Fabric-1510,CID-511,Receivable,Active,2025-01-01,,0.0,USD,Customer receivable account (Fabric),SampleGen
cdb4b3e7-4a1b-48b9-9ff5-5b5901f11892,ACC-Fabric-1511,CID-512,Receivable,Active,2025-01-01,,0.0,USD,Customer receivable account (Fabric),SampleGen
bb071c6b-49b9-42e8-b147-7d9f001259ea,ACC-Fabric-1512,CID-513,Receivable,Active,2025-01-01,,0.0,USD,Customer receivable account (Fabric),SampleGen
